0.323779764796398,-1.22133500076256,1.10884457308145,-0.699551990508148,0.22502898811178,2.32258265127034,0.226530742211649,1.10112605754469,-0.217292128433823,-0.405031489372219,-0.323500433163126,-1.87693556341449,2.18359697972564
0.368320905315048,-1.012774223265,1.12414904632489,-1.13322146077557,0.96236728691411,2.08322260594866,-0.190284502262868,1.32903033388077,-0.112060434834599,-0.826615222153013,0.31401260873424,-1.20628659180803,1.45524070134427
0.419252573265644,-1.06658979022443,1.31183712540609,-1.57920597673264,0.602720823485559,2.30725662167751,-0.037498549620798,1.18064896451435,-0.408923401149225,-0.428423099719839,-0.0716510992493598,-1.90116239872712,2.33228379912589
0.540954903779741,-1.32956908192249,1.49923155590644,-1.38804706671811,0.617525593712143,2.31811357731856,0.234430829201983,0.75506929755184,-0.040916014357102,-0.589373687228007,0.158995212899877,-2.02271637916891,2.0263577201056
0.75375565089791,-1.2192556774716,1.10388087553056,-1.34188215921885,1.02502640578777,2.2892920411424,-0.609794152826067,1.02062513927215,0.124271543801414,-0.392865515016548,-0.473897922294541,-1.06908252644389,1.65641425795086
0.561762240500099,-1.20519398078597,1.18993815885465,-1.14374242154152,0.813107389057774,1.95741639594256,0.067816573352573,0.899674041613081,-0.131246562608246,-0.760077176594469,-0.0437384933997617,-1.22803820776044,2.07494970217032
0.459370244629602,-0.995042344934362,1.33983741610429,-1.27149911172858,0.455023424623626,2.34254313292499,-0.239807006819357,1.28773336405241,-0.462424182330437,-0.380012076576875,0.269269884446949,-1.79292524690955,2.16396705710621
0.456328710655479,-0.728930376978908,1.35693589450374,-1.41160387048555,0.680306244109991,1.73508380906843,0.0273264501574082,1.05863886174175,-0.439242444988548,-0.408448213959234,-0.0497594261391986,-1.14714903341844,2.13769021330349
0.540315736221421,-0.96367398250214,1.28432171698317,-1.107365942329,0.237890045800478,1.8726575913965,-0.0175533584788992,1.21550020746877,-0.142001512325687,-0.654105584335359,-0.235400086393465,-1.15322567673762,2.232273444412
0.455051178579768,-1.02731381173612,1.41634686498775,-1.10806273633452,0.0354182663615298,1.94247134814021,0.679274096291614,0.917651869972846,-0.401225308891894,-0.25157746989767,-0.0116793394071005,-1.37620451024115,1.93823997196249
0.453696171599408,-1.25430025281959,1.53529414463006,-0.951738305321749,0.138415649543138,1.92616044360754,0.225413317421401,0.947544028553363,-0.1385118559098,-0.528632787445545,0.06748735314033,-1.42924206154295,2.1126031542531
0.43481464550995,-0.894213141810236,1.34363266295499,-1.2576172943109,0.569234659360268,2.03634620536547,-0.198674774709685,1.08023841536553,-0.409239124244764,-0.289156230251109,0.237119401176234,-1.47405309894499,1.47813543377085
0.663306192718053,-1.2340590236157,1.2099056548397,-0.954449758615264,0.720502987630711,1.69198892405462,-0.00770404084008135,0.54972432495537,-0.246741567719876,-0.133543152820576,0.323676965703535,-1.43866962785116,1.58518086277298
0.661758721219646,-1.37656629831252,1.48861711366236,-1.32442974503932,0.900074901891398,1.93012323422913,-0.519317221119028,1.00457974897971,-0.10125716662236,-0.29333973921192,0.0997200862027049,-1.43333551851278,2.07624562573866
0.52968583274101,-1.24925839861287,1.46120490239454,-1.24904522213571,0.768137612673672,1.96821591478152,-0.319330585725827,1.06673261768857,-0.0889080015630066,-0.477542013710021,-0.0333173943153876,-1.03488381862294,1.78015662894024
0.597050662971128,-1.38950595279391,1.23751666855466,-0.946544923145372,0.858945816827446,2.05923218142593,-0.17076625414207,0.396985416080713,0.20265809259097,-0.367253642534529,-0.31674207054321,-0.824233428635563,1.85854137408079
0.443163197304487,-1.30907395786687,1.50289189247788,-0.981491521764686,1.0270932731012,1.67897950900679,-0.249327750639156,0.894356114786128,-0.336560478976168,-0.204769098640628,-0.06142317500416,-1.37944444412589,1.61089497984499
0.373564602402108,-1.15994995581021,1.67682838718809,-0.987078516714774,0.449643344924929,2.02188487549549,-0.642079763550807,1.45246569238318,-0.256146389014564,-0.439792277513358,0.0138679016674578,-1.36690188935973,1.59951235328232
0.352245252790778,-1.08722968416185,1.68755091265897,-1.20149148962164,0.29659339780662,2.35584579475291,-0.240094766291741,1.23986602826044,-0.300816687648647,-0.75441712639993,0.261923193125367,-1.23040904402064,1.50410962903662
0.445561693446313,-1.32029194215993,1.57822005208401,-1.2433237736706,0.680188865974682,2.0383643611509,-0.04443658228406,1.27279183173247,-0.529387316897647,-0.289811826393725,-0.0241201385890755,-1.45132258690691,1.77882613604305
0.321361020760077,-0.842480242948418,1.35158552367111,-0.950940548739985,0.515628485824693,1.55792999393612,-0.0871166684566722,1.46723453624509,-0.393839531964326,-0.599631876587183,-0.0631273624877365,-1.13044351870611,1.89381866095563
0.356721830226097,-1.12412538875084,1.50588407037105,-0.949268851671564,0.495948194703854,1.9782082040945,0.175841687918087,1.22347547539816,-0.56250511425537,-0.641197884741109,0.42704258983852,-1.2850902930057,1.54122491777352
0.485065872720276,-1.20815481662844,1.56955883095023,-1.12836083365684,0.506329148590808,1.6403762405443,0.450990106266742,1.18768018772396,-0.516276976385012,-0.835703095613013,0.162034246085156,-0.670560881053595,1.57072991684679
0.423437893399768,-1.13379058803818,1.55710349145363,-0.932918463296854,0.462141483744722,1.74795059406106,-0.257901541382495,1.31067520989358,-0.111677780164793,-0.481002954288836,-0.409300398573146,-0.691198060333672,1.86142228610441
0.308646535348845,-1.16961645286623,1.73913502642621,-1.0620997105761,0.40472274456106,1.74707865778691,0.241389051436106,1.4221121053762,-0.428584191483795,-0.618652595977217,-0.110314628074079,-0.885034105377257,1.73769302841057
0.335796506272615,-1.12298250767619,1.45437911616588,-1.10025538838183,0.753352749244729,1.74302470158541,0.149997825271064,0.967208818729958,-0.200452084183778,-0.695108681939899,0.0670269966428238,-1.28775425360816,1.44752129062551
0.300170401330975,-0.965339681638027,1.5376109329146,-1.35359151117924,0.761334425452513,2.21098266909265,0.172688045855735,0.876849605581495,-0.640836152446458,-0.434455506938987,0.0627717691177411,-0.904274846944873,1.89170028680228
0.16616813935002,-0.866628768649486,1.51224162302214,-1.09620363056251,0.397862541773071,2.21033259056712,-0.100763823149633,0.592836058751377,0.0333716552332043,-0.295072511339402,-0.773087022874142,-0.278315902227096,1.97227993457882
0.384264380824163,-1.15783041530735,1.41017038789653,-1.15257109920304,0.501165240632048,1.96556973475856,-0.0443181596742801,1.19113089849517,-0.126954019098498,-0.795626741131107,-0.273567373006354,-0.963946002380347,1.68301539217802
0.360197316853566,-1.21276382349361,1.64620835242826,-1.01299631643882,0.296976351239674,1.74088184479745,0.579262485024522,1.12650337947692,-0.0433822010937307,-0.903511367937639,-0.401507112425916,-0.534940655829796,1.52830495889644
0.261255513992746,-1.02051659512565,1.50255681811747,-1.22060662341389,0.376887676629927,2.37263481902557,0.175783807756076,0.703809361949211,-0.0067666038162924,-0.81291007555009,-0.180680619822732,-0.418119001254522,1.06164999138309
0.167159061387139,-0.9782826721139,1.36709498764786,-0.898359561252157,0.720190229688959,1.91060272175784,-0.242437381171356,1.0131193297572,0.106498562958574,-0.814475040037114,-0.18553938107128,-1.06683292000326,1.28783369392929
0.133256745237482,-1.03367075771806,1.779173514962,-0.972248664760929,-0.0976430712140331,2.06258663462382,0.294355852956588,1.019433482429,0.16920049284257,-0.784775763826238,-0.844210723020493,-0.613246881880194,1.27547064149724
0.33050840021242,-1.09159502953923,1.53989227883247,-1.24818378974627,0.204806330620041,2.20412514679847,0.229436782403558,0.795883867632477,0.171545783346409,-0.935736707127391,-0.466792528303403,-0.311414638318336,0.853688469840447
0.238924152606025,-0.858640159593226,1.46694321529301,-1.33537992423192,0.098224212169659,2.15990170962653,0.250606020968592,0.834685948958612,0.145319263593334,-0.800439471861488,-0.726338130008314,-0.579480136352681,1.17538823507847
0.270179603034387,-0.946291404767158,1.40339340278891,-1.38150609633163,0.581252312332878,2.37575534177816,-0.13366013698631,0.744074509725717,0.0596246885616908,-0.629796933018879,-0.317537305005652,-0.810433547138892,1.26991544310126
0.220130049117444,-0.929187376859667,1.48141176227125,-0.988713254066215,0.161998906633535,2.19878156396143,-0.21418768327494,0.903437800107092,0.0835084171511771,-0.673381870718261,-0.541103796378718,-0.548127791768354,1.25615385708706
0.29593121972546,-1.00416227515206,1.41803361052614,-1.11028784843038,0.193275365570853,2.01719534529736,-0.0241454363720198,0.968403849733784,0.144641349064035,-0.887320745422385,-0.476383687528158,-0.574802579914977,0.909392633708008
0.357728559652507,-1.25506828564931,1.47776227786879,-1.01610866690254,0.493639905368584,1.630922528976,0.0839869672901595,1.4647071165497,-0.050401064996065,-0.838908194501523,-0.45508274585478,-0.703342625852325,1.61871383801747
0.273129508129027,-1.08199911849668,1.68562019639258,-1.4325199464259,0.515807239179211,1.53234015597217,0.813667480638734,0.993165846281691,-0.220120546316776,-0.279364809082611,-0.742734312426632,-1.16827260973343,1.73599292832639
-0.00787532502604941,-1.08418979144224,1.95464747643838,-1.35929587674971,0.309956550753347,2.03807910502764,0.0676174321313943,0.773002873616866,0.249472173489733,-0.932472174280131,-0.669641435974173,-0.271920176430245,1.70867638025826
0.526761360205011,-1.21432009175436,1.2239300125646,-1.42913303934701,0.911374127279119,2.20570329847012,-0.00300351582979129,0.746949315053711,0.0940598534629238,-0.38950330934941,-0.267084079252592,-1.0566578613405,1.32798734499474
0.359147219329701,-1.0417118039174,1.38048424424939,-1.23684862873229,0.566495313308184,1.91544212373574,0.252747852558145,0.401977543940872,0.0446662102940253,-0.269600666171227,-0.772636251648194,-0.664354522188776,1.70784839080102
0.290918929055306,-1.12378144138136,1.68856192774899,-1.53805944901404,0.52025869952727,2.26632436272164,-0.110039988434408,0.592704616635681,0.240549188198392,-0.491911434508505,-0.709517032151212,-0.457939102640658,1.63887430243588
0.185886905075995,-0.840352850093277,1.63454211545303,-1.54993741965292,0.453228714119247,1.98643064610861,0.42674776434041,0.949246500693831,-0.180800470158837,-0.579870317257139,-0.389222046082574,-0.531798874427541,1.13329744010336
0.0947533606795392,-1.13169780146962,1.94578176886837,-1.28914642459339,0.477740085064253,1.57953946334144,0.293694012121802,1.27144364664082,0.361191912981502,-0.972931004468665,-1.00029382418429,-0.242535461813741,1.85168273190969
0.0589794821986713,-0.772947688911972,1.67647812004542,-1.36420920753071,0.354690151618859,1.83317083795551,0.149469399715831,0.819795028652812,0.0335632425764876,-0.762541142549702,-0.592052026038946,-0.874194112989238,1.46259896394725
0.205113766138461,-1.02937354741477,1.50009110906988,-1.23419943092577,0.535987319545383,2.03974817442978,-0.0180434198760877,0.589052243084564,0.521308737086741,-0.968407171960818,-0.673204911266046,-0.70240878965323,1.22927381849436
0.108347523387559,-0.822012223237389,1.53572184370258,-1.28967579132667,0.557038120436296,2.01991896937287,0.24628314313131,0.661233569730226,0.305263524364524,-0.805795246860188,-0.621760606338273,-0.711547778280618,1.33304801640814
0.020603413792662,-0.804174216104429,1.56735840912852,-1.23276693164353,0.528991075111653,1.95842010210562,0.232756975179695,0.736323830643671,0.0341129559339288,-0.791297752365541,-0.777124830983158,-0.779747625223627,1.35671536014844
0.0570964247116578,-1.03887938634757,1.67999905212548,-1.37086985784128,0.707610906132467,2.03089178987548,0.568935320944531,0.18991302376828,0.479371452082954,-0.832266685702635,-0.795772528372577,-0.399533308897758,1.23645468417429
0.00679047457595448,-0.835759285372575,1.62903603650305,-1.26302252794741,0.129634940970741,2.02609762037002,0.285449861259819,0.48102282374046,0.519528503926382,-1.12060842956036,-1.0155212057158,0.379577849803957,0.978426180711227
-0.0710277540785285,-0.841173476434844,1.63422100402155,-1.23539278193794,0.389053265126112,1.85632935665783,0.0143093837603319,0.679855295469717,0.442547251572063,-0.745322648224595,-1.24796001680714,-0.183971426011497,1.14418336803288
-0.128604121816077,-0.821309594077309,1.88824722180137,-1.08314659518149,0.0077086231695499,1.82380546815904,0.118256419544074,0.805094666425003,0.323271963443744,-1.00819795065601,-0.75823973484265,-0.130766317999655,1.65201445552596
0.00617161335473701,-0.879776015859688,1.57387812340066,-1.32261793931285,0.807589175478286,1.85686474449709,-0.155180093348991,0.599467492040343,0.519239164180946,-0.634429110364409,-0.962818416371176,-0.735404519233167,1.58342062937166
0.119428297602795,-1.00583698089923,1.50427458272675,-1.2987617499068,0.816160131115942,1.89561767996423,-0.115009534978339,1.00533213817092,0.230533212026866,-0.812974821511305,-1.23561222286175,-0.279839176370483,1.13974250739198
0.00351575423404404,-0.957091769052596,1.76849523428576,-1.56204770236657,0.772484602908648,1.87200607504356,0.262195769488003,0.495487635837753,0.136388668715591,-0.495382803062246,-1.00650738159284,-0.188269373806489,1.26630516468694
0.087919196498492,-0.91384972678216,1.40456679224036,-1.46485549449231,1.00843610859912,2.20133386255588,-0.201568476596617,0.832419872128772,0.102485299875342,-0.512477467527759,-1.05416514896351,-0.398380367054892,1.31205951395495
-0.128615093991598,-1.00319062627055,1.7231772191803,-1.20300013938221,0.60005499253941,2.02278971255589,0.274895580279426,0.339322105692959,0.348188714547877,-0.385202502907959,-1.40474136848772,-0.213424034025431,1.40174920178828
-0.0175450880888083,-0.958145567148592,1.51760740480804,-1.450948874756,0.883080620507735,2.12144806546222,-0.329891605023282,0.472232114725143,0.569942204298477,-0.556399032901506,-1.23027679721937,-0.446662725273887,1.02637695661886
0.00984559398600538,-0.884890549297844,1.62159420829967,-1.39588481713819,0.492832404828312,2.21487617596985,0.235748525834318,0.691733747243501,0.200758971999676,-0.544807725497702,-1.31981675607456,0.0454818738079305,1.29335514133532
-0.109952727833001,-1.03565818032228,1.69182262741199,-1.11736794058053,0.629666494819381,1.6229928596697,0.0250909358012463,1.04349917844659,0.0358057790770754,-0.280390376655037,-1.13767214418867,-0.699833444352478,1.28252411198565
-0.0939626319906986,-0.912143443953794,1.8250023621944,-1.367822065038,0.204322168206998,2.11605750259129,-0.0077806778264046,0.750606350535549,0.456637136818386,-0.471256354059622,-1.24859042593571,-0.757550662006498,1.57578416502417
-0.182271249510999,-0.901093041926989,1.88989756248891,-1.24430317699045,0.452940846137349,2.041118502038,0.341604119116109,0.703814828541058,0.0342639941710561,-0.650826803110684,-0.628985147979273,-0.0137254900659797,1.20486707774865
0.00982930067873664,-0.99730529872391,1.60292310593239,-1.15585882769231,0.617476586142863,1.73721185452696,0.250039476636989,0.789396851849921,-0.0173886573894006,-0.628739313691781,-0.777234115363079,-0.181352503799271,1.23788783731282
-0.060676522466523,-0.810244906676245,1.82901017328905,-1.63969397921598,0.741621927664049,1.84833178394475,0.219619509974337,0.94895466402429,-0.0677935308048484,-0.459320187992111,-1.01385361362618,-0.600127442432505,1.69743239638491
0.0914715889629786,-1.02568762908091,1.50936156152317,-1.47890984984966,0.791033251513125,2.18889410845095,-0.353341379813456,0.475858598486151,0.476144004785225,-0.71523368530681,-0.820195728779311,-0.283865159299505,1.0810146445816
0.0600203742208104,-0.927456947946267,1.60874014433881,-1.43472420409774,0.419232929275626,2.24322728839735,0.384579882922676,0.498906486626919,-0.0545302141084034,-0.539060850161364,-1.03110125386198,0.0803474521576087,1.24830463348931
0.166306037583706,-1.13379586625188,1.65102771772924,-1.39145874520272,0.440651215141253,2.05192099377518,0.56155890233184,0.643785538873115,0.109537151836948,-0.770414249212441,-0.787145482898628,0.382161123752738,0.782041369731644
0.116891475208024,-1.01012040000241,1.58478835983875,-1.44219914183228,0.834182075081901,2.16763189010982,0.545418616130648,0.576745612360617,-0.401830171082617,-0.688871043364576,-0.341405556775003,-0.0742344388579244,1.06860538360353
0.139484938937218,-0.927382478245987,1.47910010450487,-1.49622093320889,0.911999621113811,1.86297023166757,0.506036349050875,0.625497441844245,0.152640800661443,-0.668950493462461,-0.623729250091734,-0.621386125839907,1.09025672926674
0.177443134408925,-0.984664071386942,1.70535977197099,-1.62286682966859,0.765733943806204,1.46584959360051,0.637101511261035,1.19778945772078,-0.33297955159419,-0.520274874418939,-0.668092120841164,-1.04747395199771,1.69858823534028
0.173103235014869,-0.914516176973487,1.58255214585847,-1.47950080291185,0.946003940667117,2.14051518458291,0.0825332224582189,0.645277210011259,-0.281012464806387,-0.532287827143215,-0.418740598855215,-0.378970628359875,1.39800138048786
0.354861882334246,-1.2769046576532,1.34259090753358,-1.21853129087201,0.853307599373443,2.00020262195174,0.0735545972258514,0.677260304435461,0.301332301138224,-0.573077412742115,-1.03069506199485,-0.635836272693712,1.53806791449513
0.337751106835521,-1.28282579532016,1.53797281487773,-1.1981479776863,0.692573718453114,1.77567940418731,0.831504961471009,0.626680877440497,0.0149463714653843,-0.680393781513575,-0.448612774101812,-0.674111672738237,1.21533970302482
0.225493667844239,-1.00143599173365,1.5426755437493,-1.38661580117394,0.691431917007697,2.1170799273947,0.446986164799496,0.541279602905914,-0.1747835329761,-0.402879603116851,-0.432205936327001,-0.918331232996743,1.53370567201229
0.129011402045323,-1.03066141905737,1.44845187675253,-1.22801509876598,0.823416770432633,1.72650793043135,0.126740146148992,0.538311612895818,-0.055700715804446,-0.406613677759119,-1.03637735813149,-0.14055523835585,1.22967659339984
-0.0297023179028325,-0.669231903446257,1.66359169417119,-1.55519789928257,0.538189259203834,2.30649670696161,0.0415575665444333,0.645451653118035,-0.138019412577396,-0.388622358748545,-0.865271259232998,-0.401455942688353,1.32477592825693
0.0366551901925574,-0.9777413661772,1.621102278346,-1.35425725444825,0.746399127724382,2.1613057827006,0.209232505074027,0.543111895939102,-0.0822128580552289,-0.529290417773903,-0.532887607581668,-0.744091218749208,1.21284079101444
0.0704177173474038,-0.990406156556488,1.57488855335929,-1.24860507624061,0.537545211978433,1.98898666112587,0.427564734232846,0.649348151145128,-0.0915393312481867,-0.361119034676547,-1.12284637159584,-0.488709664082491,1.13830142177646
-0.107435664308641,-0.964810424648947,1.7365328625507,-1.17744012503816,0.583851034737404,1.88271033937751,0.470064699566498,0.794937521411701,-0.28563808735767,-0.186346671601924,-1.03770809322725,-0.39325486023138,1.6000581798001
0.00467462677843796,-1.11758783610024,1.67208444369965,-1.27694677058827,0.519354593709904,2.16763072326281,0.336194921403378,0.745394983518821,-0.24443110432729,-0.314280216926673,-1.01891880281194,-0.647351189851688,1.55271933557646
-0.140195696152431,-1.0399884431985,1.58365378577534,-1.02332005243907,0.728957512819025,1.77288554153055,0.169222524397418,1.10612967525109,-0.0184522491818244,-0.621689843211736,-0.91471523674174,-0.691712232208243,1.36545178321076
-0.072014134946964,-0.954550410763031,1.43945210175745,-1.04145091661103,0.8342892625078,1.64902034613949,0.36243453024956,0.722997564758839,0.0512186245030088,-0.649347645875054,-1.1738835210879,-0.135412291566052,1.42783910135214
-0.164507329072366,-0.977884082191993,1.60887879910365,-1.20319920075971,0.226263067494382,2.14425599866482,0.147477927117508,0.755935952330416,-0.292962100738933,-0.576615962436279,-0.571965465587237,-0.427968245958686,1.24985665836004
-0.272405259567741,-1.11796737184549,1.90580572118499,-1.1426080642667,0.046740451791816,2.24524710522258,0.533977242076198,0.81865407928592,-0.125440937166816,-0.442235859307215,-1.0202608836496,-0.763016436944616,1.35660768306952
-0.324675983237085,-0.949445871503293,1.90000417625459,-1.2044600426034,0.308003293663054,2.21179668889083,0.436835512075144,0.927282524735626,-0.07812351348643,-0.669813031544172,-0.882066184143413,-0.382541925725044,1.23006956582838
-0.272222736709975,-1.0605700758037,1.81766706654659,-1.07390589371001,0.30385566653501,2.16941544517187,0.421745705360106,0.741842438227363,0.302196722583022,-0.745186658980461,-0.905479466272417,-0.291316045189728,1.17174330331354
-0.215685063763069,-0.872542542375897,1.52131907205172,-1.20455954320107,0.434715875452248,2.1838989206447,0.0427390361364056,0.802031775143535,-0.0589003213882078,-0.515308199256277,-1.13334020213732,-0.548212609717013,1.10026019664472
-0.1887894876238,-1.13187196212344,1.65619431299783,-0.933971006941198,0.563572968251976,1.9095129809657,0.229293235420687,1.25225815470113,-0.000333744816883731,-0.594379710581064,-1.01430168731682,-0.91699388377746,1.50644309190438
-0.297832381263323,-1.09632544061431,1.55329699616508,-1.02220090472528,0.948379763289199,1.97644648986858,0.449668319859253,0.599310604998704,-0.098319680140292,-0.146997670484435,-1.07448035843523,-0.824699069206131,0.786670430811836
-0.358542978138303,-0.839768638120829,1.63813647883531,-1.21492829206509,0.413081325885277,2.17577831336157,0.407893749729216,0.538939682298912,-0.262341710282246,-0.64561098403866,-0.572058312554605,-0.320628865297165,0.843265038801369
-0.305643126930214,-0.952614682707411,1.80546938959147,-1.12766509530828,0.424238890040589,1.90135026844515,0.594941423087528,0.706708259766258,-0.259373113681747,-0.304970934221702,-1.05032613107593,-0.107324004481452,0.97277383193544
-0.300767768309618,-0.884465543895896,1.68237334166538,-1.35367573148687,0.389364083455994,2.45025887391384,0.0630852701038189,0.814628671097617,-0.111758216661598,-0.419363542625889,-1.02892152879202,-0.593835936814826,1.20054202604656
-0.207385700015077,-1.03532056200908,1.58072578120866,-1.23349285782563,0.698918349898425,1.81015850498168,0.296485187458828,1.26681327606685,-0.377314755364832,-0.569834830239362,-0.958246807348759,-0.736989058212275,1.55801746687735
-0.343295352180689,-0.810662879865228,1.65796983594376,-1.28963669095221,1.0034634745025,1.85663980143844,0.0692764155266246,1.45688530495532,-0.463603006515507,-0.497390303045545,-0.844028592102321,-0.278929655456952,0.989530180960962
-0.271529772960648,-0.933676939946595,1.44531872676619,-1.0701416895007,0.556550495806328,2.24158002163793,0.469402658319963,1.01252905069727,-0.283789913582251,-0.693406884028308,-0.866748055331248,-0.595365264985796,1.0610671637396
-0.185172450339005,-0.906524188961376,1.65508547791932,-1.41027410534063,0.829151642185121,2.26653537239478,0.260783229540665,0.815115991923428,-0.323905149594348,-0.567148030397853,-0.42237290582535,-0.481222571878347,1.04009516412441
-0.154603422988592,-0.966547503568866,1.47618734489767,-0.968706169984666,0.681029025465259,2.15312979062876,0.344532073734354,0.934554267949579,-0.161808113658333,-0.529824291038658,-0.735969554441563,-0.858042480485543,1.10411256546667
-0.151997539503599,-1.05571241011884,1.55836113937956,-1.35999631981554,0.852805722512279,2.05768807650201,0.344558542043307,0.445536449829531,-0.160848966386918,-0.296260532384969,-0.889082822438764,-1.0569592308213,1.53408065673413
-0.216711504042491,-1.10012057470446,1.8837703655241,-1.34428925300323,0.571037116677343,1.8497332416676,0.885375356669694,0.388641285097177,-0.0579960432592934,-0.471601652556281,-0.729908580516508,-0.471018206580974,0.945403465562764
-0.0946801120927829,-1.26725708460947,1.89295061230828,-1.13554666131058,0.414871941522898,2.00965298111853,0.281040717550439,0.964618359981379,-0.000499279301864503,-0.775955206586885,-1.02745177759234,-0.24807238260202,1.1817923107752
-0.0286451893524214,-1.55597455475459,1.71383369244826,-0.974348444921106,0.982483090821891,2.13440570621223,0.267483391988741,0.343768014648988,-0.18269164126579,-0.560875373389581,-1.12227455438941,-0.622843063414157,1.64113980064188
0.0663878321118887,-1.16719805341336,1.76104707530693,-1.34991869273876,0.748036365311432,1.94479942205726,0.519270174286667,0.677058235633933,-0.130171267286721,-0.664014348191343,-0.865111886498995,-0.336245974309267,1.38915485015676
0.0234884939043965,-1.11920731953207,1.52114141359455,-1.18590873317087,1.01425807122086,1.91664227050186,0.418249360416188,0.300944610790722,-0.528171975221311,-0.35839314218705,-0.247761191971532,-0.45777427624881,0.527126281653874
0.0423082067652508,-1.0950123832636,1.50014232130049,-1.38000418012128,1.0894590335054,1.94087869637093,0.618970875671545,0.582689832716619,-0.44204294540225,-0.0578249494391535,-0.792745071402302,-0.63584363289687,1.11597601244122
0.00854678048717495,-0.978939850855891,1.35527316990311,-1.29694846930943,1.14379778624238,2.11671260683614,0.507339507127217,0.439314487558952,-0.589072512275814,-0.0596042097030677,-0.780092918155423,-0.0275006964882819,0.708433933357921
0.0162745640227131,-1.1746729826195,1.57982493237882,-1.3713697116615,0.878315341426996,2.06245313003662,0.607960531709303,0.551924835166187,-0.50356349896969,-0.294443925217874,-0.706486896620224,-0.572825523719569,0.791438701546387
0.16331123578213,-1.26156106856206,1.52194780660986,-1.35475389009052,1.1090309859835,2.22669689684382,0.119918020749047,0.768106927856613,-0.328455337335719,-0.331728887789711,-0.558625848120961,-0.314547655332876,0.77517152654113
0.121230431769522,-1.04418872016584,1.59331797525379,-1.59635310008813,1.10447943898306,1.95764787927396,0.197183552224113,0.795335271422605,-0.168844746741614,-0.481870734798083,-0.8073954161294,-0.112049146885075,0.961635142418013
0.159010508239016,-0.914836053385725,1.25450673895834,-1.51909206192897,1.18761604926307,1.99138970108082,0.0470598711266212,0.655001448129657,0.163189755140729,-0.376107440223608,-0.948895720230929,-0.403397522062302,0.896693706383395
0.1854469238142,-0.899173500788073,1.43183269162384,-1.49467087725421,0.942924390239333,2.2558769326234,0.548851308991641,0.387705144502536,-0.174171762776196,-0.389771334719661,-0.599776554551792,-0.329497928137461,0.758231278429838
0.176545299531007,-1.17659772992809,1.3904375144493,-1.54306577129435,1.23356973244341,2.1867420614777,0.111346077837699,0.268703940396316,0.1072534846679,-0.491686641668634,-1.10225179423449,-0.0141612554653159,0.645458655786609
0.156602534052282,-0.98083500875369,1.39804394068724,-1.34560513599101,1.15797680033288,2.28726125024975,-0.0958563598601125,0.564210756109584,-0.426516843990157,-0.419502463743709,-0.73144342826188,0.154759507741291,0.688748101083101
0.090409822096884,-0.542602718098667,1.09774150818314,-1.57884918517466,1.2548673037745,2.13660400435644,0.201104627297146,0.478868201046516,-0.350467370139813,-0.441850903154875,-0.821454248789382,-0.00214656033283683,0.960690665825174
0.148166353738484,-0.862384555250143,1.564207024008,-1.66295420446711,0.616914459722997,1.87058205869206,0.750942414188989,0.909683736875164,-0.665429602267438,-0.762958958733017,-0.363645666067699,-0.309924654675945,0.849939569736928
0.159526289609613,-0.95088395283727,1.41950454733812,-1.28505580518137,0.509746375336634,2.19762648169816,0.370128687224778,0.622611335686277,-0.115503580084232,-0.54706715456732,-0.908713426418674,-0.0408941262987812,1.22430715926835
0.167427164134472,-1.02858200596556,1.50497791581741,-1.40752460401172,0.657980736714981,2.03253761002458,1.13300932490648,0.707133115187791,-0.768640632156206,-0.433563927653367,-0.177597748428718,-0.176127904042181,0.544846472016491
-0.0553958762380035,-0.829718068173577,1.62113771264866,-1.24214693015417,0.322859251226167,1.9707010338971,0.640235823592317,0.769180812270499,-0.740822523199285,-0.405202273938387,-0.44779967675536,-0.214873234148621,0.915722846368409
0.0491517154144,-0.896115447930406,1.53216478379429,-1.35399118520892,0.715694863662385,1.90557650415932,0.404890718481791,0.672935399087637,0.0011541758996745,-0.349100938756043,-1.50535869457154,0.228628066725914,1.51448642958305
0.111434861138856,-0.904801701992846,1.42052147872243,-1.35640047799164,0.777311404059192,1.92990484415165,0.407717121463166,0.315018179501272,-0.0331482970630044,-0.751065979951939,-1.05926199374519,0.259206058509859,1.48474639436046
-0.0577228653861657,-1.06569089151664,1.6942326692572,-1.3298729489174,0.193789121647502,2.2749335827925,0.45674136158162,0.650553265542512,-0.222239045691496,-0.649377385893922,-0.830722206937835,-0.287566484808831,1.12610345944305
-0.0221204661909742,-0.758271925265635,1.58044105659068,-1.203663732358,0.742711006984117,2.02856075308184,0.102625604378307,0.492392080950555,-0.0342390320303702,-0.689094300294444,-0.756990515141536,0.429723393185745,1.42079450588736
0.0480643095854379,-0.854266990296877,1.37370225530494,-1.36577666128937,0.65892278194501,2.03800328187312,0.199926083635444,1.04857108465617,-0.202848207618434,-0.773451130070183,-0.652283583597055,-0.00402900846672436,0.855539848582228
-0.082378373764546,-0.845528159552552,1.60604956748225,-1.35931654817007,0.630618007954643,1.95348662136229,0.10333301115384,1.10352174928144,-0.193054634465472,-0.517342167226041,-1.1620963563213,-0.055324407585211,1.16331536512631
0.0651029046857762,-0.802629327489026,1.48805728136079,-1.46850608893635,0.427994350669325,2.58187019811481,0.157537789902873,0.529099384029069,-0.0246015994775612,-0.83424747019092,-0.732047266634573,0.254028857056082,1.00120026004526
0.110261567656228,-0.890665598282835,1.42062677805835,-1.60938334624814,0.858534951217524,2.25960099796052,0.19798906507915,0.579120252740789,0.0902548112906952,-0.684430374834559,-0.983174530060799,-0.0796544016517959,1.27976049090985
-0.0289683615699348,-0.700980845628909,1.53142472330316,-1.26840994287434,0.312913726526434,1.89661118810341,0.373094173553306,0.773274848335816,-0.171864895367199,-0.86210492617686,-0.677650236161378,-0.137677325165036,0.84976991506898
