-0.0626844310429586,-0.382006336267431,0.300753628968065,1.82083615161397,0.599923030730962,-0.870815032750641,-0.933562673189131,0.393607715805253,0.979851360241437,-1.01106234128645,1.14021674084018,0.71541990916631,-1.40524161996783
-0.122880336225634,-0.217761781628023,0.271002469800404,1.88912707100737,0.414570750049385,-1.00584291599346,-0.623136519235324,-0.133262929641003,1.49754916335651,-0.986007243766087,0.826357938402721,0.915751285084631,-2.00237357412622
0.109754409836434,-0.375776576309925,-0.0413017599800565,2.12520837626863,0.485340023592841,-1.2516620506107,-0.788597491924387,0.0487957500653479,1.42795939215708,-0.658050231167943,0.792806262806859,0.549210779010927,-1.9340721782723
0.00293420417364756,-0.653426889890181,0.374788589970091,2.39295346694691,0.265939433314679,-1.60313224185495,-0.870398546341538,0.489527792532025,1.31294156944154,-0.806386984128912,0.950674807070668,-0.181622323124226,-0.957757998324196
0.0403599218071643,-0.476835222483785,0.0614467204759552,2.11943583684951,0.587154670826442,-1.48274336481173,-1.01659485591307,0.520625376210437,1.18284274063931,-0.639567794149772,1.19669863012783,-0.325509227916782,-1.50265315853111
-0.155287355121328,-0.232499299567252,0.186371166617761,1.74953973901417,0.484238395493041,-0.932184142898206,-0.706591930331741,-0.0251675811295717,1.45675390501289,-0.849041924128534,0.953047788799599,0.810603455284485,-2.09184798616721
-0.273755775570548,-0.221782975350276,0.463708445806883,1.69173406621774,0.63863163835446,-1.36942938746979,-1.17910794919029,0.66057399806692,1.52465960817454,-0.758979114671293,0.607767018297203,0.50730613381492,-1.72746892419916
-0.286768924498663,-0.136391055356439,0.29525015097237,1.81599651273633,0.386646776082646,-1.13794437662374,-1.04336827659396,0.552376971687777,1.3797088868948,-0.558383291668808,1.22527432377477,0.0658221346242025,-1.8571683910603
-0.102584892498353,-0.261801625955087,0.166572570872062,1.9119594110563,0.433593025734816,-1.46363932708291,-0.884869658982578,0.440453345915438,1.38213721121031,-0.692337819040178,1.3928903464041,0.592303667606323,-1.85161115776166
-0.110732401111962,-0.387887203633358,0.130982335995523,2.14488632870771,0.162078259486639,-1.37497650884519,-0.648206226083796,0.367399981057016,1.51146851439233,-0.762995782653197,1.10081182883924,1.13097329552224,-1.69379699343156
-0.0683138412701708,-0.343837644405594,0.0464647057907621,1.75109997000753,0.613663248334946,-1.02413087359622,-1.19668308669557,0.489841550267258,1.45756741991852,-0.733148201674699,1.18907960711188,0.782225413857715,-2.04479723533796
-0.146149958708206,-0.312334904294784,0.229455137697618,1.80529784129995,0.495155418349576,-1.45250031178101,-1.05641778225826,0.507933504630638,1.88251572669206,-0.937117416743086,1.34799730834573,0.853193984240578,-1.58214380134215
-0.171743090897954,-0.346537081690357,0.269709665329367,1.70509112928402,0.658942973323027,-1.696425779105,-0.973897072206505,0.908472852707354,1.46171691711716,-0.706831395300821,1.04007759705244,0.740994366407175,-1.53212335940351
-0.213537996290384,-0.163808364401847,0.0605967576047045,1.74949551540994,0.687087458207571,-1.44957956855048,-0.902965674876304,0.790607005212866,1.4650280250931,-0.480271655983836,1.17425365788578,0.729414751625231,-2.14336447716842
-0.124690521153889,-0.361665096595998,0.0224259143230456,1.69006595911667,1.1255050823338,-1.40023855040061,-1.0037753275968,0.637204013549585,1.47722498293013,-0.634147947941221,1.30103336262935,0.0287344007998365,-1.48362624273257
-0.0672701949888828,-0.496280054002597,0.0795381321244422,1.87573511244459,0.600861020126303,-0.747313424654236,-1.04438839999015,0.0836597188014346,1.9353174311308,-1.07154060098894,1.34459424945545,0.550925187530913,-1.8170747012059
-0.130429420700856,-0.374189083706254,0.21347837473214,1.66556287655796,0.564172932969358,-1.04538440378284,-1.06336253464547,0.347166673321548,1.92798546274027,-0.891269754552775,1.08131625758579,0.379366935518671,-1.57414972232194
-0.0813088224820109,-0.232084959471989,0.162277824670613,1.84130248721532,0.593532630098811,-1.50973212929208,-0.631809609800557,0.510826189481649,1.69280051290306,-0.782778118593105,0.95769140411907,0.579070750853291,-1.70239259268489
0.0119372018381712,-0.0970404450322263,0.0533834772639658,1.36413533759802,0.775395746703257,-1.41651825095867,-0.846849612316172,0.707133152164892,2.02853110013063,-0.794941992103193,0.794413620358083,0.355262507925591,-1.51890960190922
-0.101903543094404,-0.0690709387593479,0.258908563134257,1.41810771633431,0.649619202640264,-1.74527573798854,-0.709219801562668,0.961119491331291,1.66137810634655,-1.04939600262796,1.20974409512987,0.322286530141634,-1.89646433894024
-0.399647133920606,-0.0567852143736236,0.510235312284634,1.42530216057811,0.976222530926584,-1.52285298971419,-0.624461679160436,0.515202576101346,1.37807099828377,-0.523238738106381,0.563033226882626,0.81557514154126,-1.96767423890903
-0.229079067804868,-0.195844347485801,0.134066824984701,1.93995618432785,0.609384234438845,-1.50749008251921,-0.582387765694689,0.698792168549856,1.39060293525209,-0.763582465473221,0.885968740211393,0.16155847559838,-1.77960264753686
-0.295086819476057,-0.00357489915776314,0.11558688017748,1.50635874160767,0.763228349847887,-1.2875214449959,-0.610805890892605,0.322515949135778,1.02741494836801,-0.367628446358348,0.813168792659184,0.158626343154399,-1.90925666998601
-0.208019783160008,-0.211316058649792,0.349114639265111,1.7508784115033,0.309086169212131,-1.21763994512242,-0.78502807197734,0.836121996798949,1.15548634627027,-0.866636840825904,1.30442791941733,-0.0135162483936341,-2.33212028040977
-0.273772794909419,-0.136379159594115,0.418605117645843,1.48704241581545,0.564798643272053,-1.02576022631806,-1.06435504383252,0.679604563818961,1.65988953326112,-1.04495112656861,0.857196431338033,0.166123530383372,-1.86987155593501
-0.253334809684371,-0.123997059400044,0.411850566596852,1.58875042226917,0.393692007815117,-0.954169482332398,-0.801103681256753,0.343772498106049,1.62902469194017,-0.703368177948857,0.623331547013582,0.229551238509124,-2.09170988853212
-0.220961330085184,-0.197962544655862,0.373328194686237,1.4516431648758,0.455658646494443,-1.04137798491412,-0.607728769311927,0.351226996488238,1.56677906733708,-0.813334204424807,0.913496941245091,0.296943042380373,-1.59457893309021
-0.244742970241073,-0.0364651922142845,0.454221244959369,1.13137840033171,0.619227868482694,-0.772322789499155,-1.12649469853165,0.432017193686586,1.62320664272013,-0.57020109619274,1.06120604172352,-0.430684259982988,-1.686887647481
-0.0948741474601661,-0.242815941960522,0.197116968837679,1.378749457293,0.602421018823633,-0.899735455800263,-0.702669297781518,0.0833900094827268,1.45292337203389,-0.5469604885125,0.765964316823589,0.0485702396186462,-1.81934724818761
-0.0285679703297612,-0.299505222176049,0.221027952582491,1.56336590053921,0.51355662484001,-1.28748012279684,-0.48765361497013,0.326364075782106,1.59070458178357,-0.642537694484069,1.02734252641503,-0.0971999716414022,-1.75335371859479
-0.144691836332802,-0.303152503129954,0.404282939694032,1.55052342385775,0.501087163881576,-1.34516081096608,-0.809945966245845,0.977257334063312,1.70408535876631,-1.42349240446872,1.18673613108232,0.363455349671619,-1.99703197128725
-0.145502614616051,-0.0566612825843806,0.198637729563442,1.36506311346604,0.758371140514367,-1.20868025974321,-0.931944564447334,0.626565006338038,1.55871673934832,-0.941413935934598,1.07818049952994,-0.260440621218135,-2.04654198447838
-0.0311144104537124,-0.235769477013133,0.191431550931127,1.44303973590745,0.516954762792977,-1.10056007070304,-0.757714858315547,0.656190967798273,1.63986238853858,-1.510527965622,1.31417066661969,0.379004373972104,-2.13044213295385
0.0668026878150372,-0.336195973413669,-0.0841071067245349,1.77361904327402,0.493282478661517,-1.39533574174499,-0.57020862864827,0.54879491780431,1.56146333281998,-1.10911927198416,1.22236846787926,0.21628679109753,-2.28079448672265
-0.280614870073679,-0.389469793427028,0.31782541472858,1.85946610879751,0.669776196360895,-1.48470189406978,-0.252021631642819,0.62043938228815,1.09929574910233,-1.01278493919477,1.03777696712355,0.406113727381912,-1.8204832735898
-0.262894227529911,-0.379538416931064,0.401393094669477,1.57875694666739,0.751722356412574,-1.013964037932,-0.482686221464721,0.239181092055362,1.35987914339845,-1.20993740878919,1.11444162600818,0.575503863466928,-2.26421484794028
-0.0719257143059216,-0.25997703915426,0.149615646555379,1.49651778411927,0.655380626108663,-0.740099643525652,-1.03361318998222,0.548783752735391,1.60079749720883,-1.07109243581247,1.07012199462187,0.312263861539584,-2.48608850123266
-0.260156195034416,-0.161446927073066,0.3667962344098,1.74052807108944,0.361570794993229,-1.0513106701538,-0.653220286201553,0.534819988814051,1.72670975181906,-1.28787270415553,0.767368861236305,0.559745369765887,-1.93811314411264
-0.267012827067447,-0.204518922312514,0.34298435430558,1.80133465623232,0.758988728003112,-1.29352040272777,-0.938019839168681,1.11574336616083,1.49144144459677,-1.24267615025759,1.08569184934389,0.394921402388333,-2.13267446064065
-0.29576181183006,-0.222702621816828,0.415224534712988,1.683093561788,0.257689332577124,-0.715254339479541,-0.55248251191409,0.533664535757465,1.34999367627492,-0.909072505138322,0.827101721361093,0.0448469983911252,-2.03353201636349
-0.393450018216641,-0.162953307329419,0.550602701627731,1.62102302497839,0.264409442619701,-0.709547770552683,-0.944974428663842,0.448408391196029,1.71769205101483,-1.13829137691395,0.936235296675118,0.131732193341302,-2.13430791336613
-0.330170163718794,-0.381165634700283,0.511405211162964,1.64810864854742,0.413303051479377,-0.73928370801435,-0.655912610677637,0.527498000911068,1.56168587404799,-1.30796200329433,1.09991023967456,0.278580802557566,-2.13456146791424
-0.29099454404977,-0.601638393433819,0.643010037639064,1.82780917387822,0.304595207667559,-1.16375983396003,-0.754669654436587,0.556559628181713,1.94558323755364,-1.22309512923661,0.575366019300765,0.674219578238708,-2.52266702357448
-0.426903950515337,-0.290464124497931,0.649109909940826,1.64853364824177,0.646607879101846,-1.03574865006339,-0.91420824208676,0.56412620772845,1.76958575583002,-1.60335839427897,1.02753667666266,0.970765826580252,-2.47450022246386
-0.442217449518233,-0.215451678396773,0.502262188248429,1.51187037596143,0.956032975205145,-0.974126183031054,-0.878029725466278,0.150690150524692,1.78750505974528,-1.04092605168568,0.744537309611599,0.279118038125139,-2.22158989779129
-0.433194596160602,-0.353313307688035,0.351781935498648,1.77473890520312,1.03527192992541,-1.31011837814531,-0.272024359780457,-0.383698280238675,1.03166557030179,-0.438370520919227,0.858089661256215,0.0835102162920964,-2.09061353900188
-0.425609977827608,-0.757009741717043,0.353163377797987,2.25538568480116,0.767450258979748,-1.09424313331285,-0.429738984332543,0.288602593886236,0.798563837688529,-1.3174993782351,1.55334306230935,0.221508051826009,-2.07003006723546
-0.380070278068292,-0.727431139641647,0.239414315541107,2.03980812554866,0.727925059043496,-0.893688153348006,-0.186642250322037,0.205007503029102,1.11903682020614,-1.35872752981347,1.33750961218304,0.941615009556737,-2.3993628955663
-0.301259776661489,-0.432070114531649,0.0519145976961896,1.74201813184575,0.827790331668202,-0.931667289230529,-0.403180159439644,0.581179549816877,1.51968735114431,-1.37385682973629,1.29983566446035,0.445678402241363,-2.18049584959829
-0.502367079596799,-0.186811827319989,0.443943761524786,1.6325556638509,0.401488209967739,-0.476975411105193,-0.492429217661679,0.475348704748237,1.33646946118524,-1.04441102206622,1.21769522141659,0.169842519731268,-1.91248660773753
-0.367565848917778,-0.350321208037223,0.315621070720911,1.82659515663189,0.584658558928343,-0.68366430881198,-0.249277419939261,0.567202426424046,1.47237775722551,-1.29955469701459,1.03200939379018,0.509752731990969,-2.04977479788927
-0.336921101903707,-0.206432747602937,0.330293300845222,1.69686715118433,0.708467660281795,-0.847893686312342,-0.917943565466081,1.11735310657868,1.50849420085263,-1.63231486057059,1.25257380431598,0.523391602254673,-2.2656982271068
-0.331182990551385,-0.121929845948437,0.340161682834816,1.45153290391706,0.944394322487057,-0.772671579048808,-0.649905058421336,0.489124967864516,1.56984681698481,-1.10663567614719,0.931035944563799,0.241075465322222,-1.78893727565962
-0.182771488191898,-0.222989415958472,0.204677161081859,1.64045506912497,0.439112505408598,-0.683492664121115,-0.0814954371555955,0.238036729646395,1.45120278110283,-0.872073820413443,0.895744546319517,0.263443922163677,-2.08909238474048
-0.272931636780278,-0.306353676426748,0.395199648805331,1.88917166247374,-0.0229128931511793,-0.793968515462826,-0.228851402761028,0.888128352702827,1.32501693810486,-1.39804747793694,1.04312694676428,0.592999925357188,-1.99784890942656
-0.300548394325285,-0.435590282942769,0.360773847037568,1.83646516689207,0.487417502402794,-1.32897424988927,-0.0889540943807548,0.46103047000364,1.1275458148516,-1.11997990713966,1.10066735282966,0.294132686835256,-1.90702214574434
-0.339968012827662,-0.0968206969379408,0.308599836697156,1.4565220307798,0.313738413646162,-0.81451095630268,-0.632690830989463,0.379228051332513,1.49003723181437,-1.05797690544427,1.37487295288447,0.619555040717401,-2.33829909286527
-0.127963124846418,-0.497366145481701,0.106208167414764,1.824273123339,0.29069767594049,-0.978177975304741,-0.908740349254314,0.596617036448725,1.65469530863953,-1.03140259180878,1.50394077310461,0.450166364597805,-2.22156681925498
-0.147817545466084,-0.673496299168317,0.487251373874196,1.61835229582605,0.21460052408905,-1.32246568503208,-0.766591363514438,0.792842061357842,1.83247748340863,-1.00043994709655,1.38514115828986,1.09832840121555,-2.40263431423483
-0.183449239912614,-0.47979424637659,0.245453974807497,1.44963185415192,0.592184440290597,-1.04654134421179,-0.858326231622868,0.486583689939816,1.72788755125033,-0.673640269987464,0.980315027905395,0.780180294683365,-1.83925600585931
-0.304960547908025,-0.428840043120365,0.426969936063148,1.39295491450754,0.899600039484309,-0.898385299717245,-0.781370867574151,0.446645072866159,1.51037610680691,-0.785910831112726,1.30779166078349,0.158566374700298,-1.93388565351588
-0.376957607809914,-0.297111465818034,0.302658996010809,1.34025046860904,1.04906208442573,-0.841084177796827,-0.728327949348673,0.0925112252323435,1.82317115140526,-0.652764268707482,1.09389880198708,0.713774174395626,-2.26800320684306
-0.384220037717327,-0.627596401697482,0.660408751413198,1.55028507317498,0.46447160573506,-0.621293008276951,-0.597683671371596,0.301471515087308,1.60388144779857,-0.777651143387222,1.16478439719118,0.768158955930162,-2.12780935749853
-0.363617975687633,-0.288838843519268,0.477957181187888,1.213543867592,0.67647631123244,-0.747382129136956,-0.607857354647251,0.61220806578634,1.54211816821168,-0.717039553604167,1.42103020736068,0.350835579997989,-1.9235113572922
-0.300534329286598,-0.507173257945944,0.542682629726133,1.58422149422098,0.252448834481998,-0.83916395530883,-0.337373881787055,0.340029250596191,1.54238151103945,-0.9928555739447,1.36756346938899,0.49878410253668,-2.10057723665474
-0.273939192251243,-0.341287186812559,0.339239526651732,1.5231670585447,0.262871583883584,-0.434184041319576,-0.883180018388149,0.688032708749644,1.58121936753695,-1.10505282130995,1.23027584396013,1.07424764278588,-1.89734831419716
-0.258094657100275,-0.382043664505687,0.415773454849791,1.4989800980145,0.375674113530463,-0.981479743167897,-0.494237470361538,0.488797271246111,1.42853127930558,-0.744610831351852,1.30474767009,0.697791822828752,-2.10394749873046
-0.330818838755293,-0.432810029708021,0.562988322432261,1.42151940895226,0.425224259352228,-0.741200428640096,-0.867320917227209,0.566423217595932,1.58137120242608,-0.840634310970032,1.48339981107976,0.643123189236364,-2.41766920793223
-0.157417779687342,-0.496393752666381,0.379430486500396,1.54691739965951,0.449928618212893,-0.997958552246414,-0.659762432211005,0.922753231959984,1.5966833940802,-0.949875553504125,1.20216248896654,0.861212953956911,-1.68800179403739
-0.221890900803852,-0.390733914666922,0.454793906751615,1.36963317238794,0.0988192469006955,-0.0698842994591476,-0.685465662828883,0.216103834265032,1.96814247962251,-1.16598410901044,1.14723158844293,1.15474664008975,-1.84430261896729
-0.304220457506917,-0.389830111804695,0.410890336320362,1.58215783107814,0.15349349561093,-0.870617690161606,-0.158746636789444,0.656455332636578,1.62541766303073,-1.16646572107245,1.31423402846916,1.23397156150386,-2.64685639117396
-0.330886768560753,-0.399823140187583,0.375212443504986,1.44882536771138,0.5150574724925,-0.61888042984552,-0.285676188162318,0.374890160229514,1.67143685771978,-0.794500629237353,0.868881439288519,0.55625503840309,-1.57887949561679
-0.257131572748736,-0.466133459410172,0.44690849589622,1.42201776508502,0.291928747899419,-0.664922457941285,0.0271889579159292,0.368504520742514,1.53273514907078,-0.449551196822905,0.74942441039062,0.270965425673557,-1.6532050240508
-0.288675722797454,-0.326851660684819,0.407561421583852,1.37539936207186,0.657510294127154,-0.921625359794768,-0.29436586160117,0.503005285823672,1.6150113745242,-1.03729843314991,1.19814792799861,0.44827837538964,-2.47410661980353
-0.257240026635675,-0.411335628534933,0.547771860071994,1.3936801698371,0.400839921657166,-0.90785263164582,-0.108048563903962,0.504498628772358,1.731272592406,-1.0073978417299,0.698364141646697,0.866045881178352,-1.72081440726515
-0.18048815295096,-0.361021275092017,0.297931963168875,1.4533583109262,0.497257504193819,-0.494221093896839,-0.6426380002711,0.520052026214154,1.6483266592636,-0.866733846916853,0.975673794557123,0.557735314942476,-1.79757196509482
-0.269148992399496,-0.394370150390976,0.482448512763913,1.64482673747558,0.486541907402365,-0.728948822175956,-0.557559132317367,0.379203990753999,1.54324687222148,-0.483805443812672,0.753907056870024,0.263186335272897,-1.60461999353424
-0.297232673756578,-0.473001438613629,0.460195771116713,1.65837010525505,0.623710650871698,-0.799437055026567,-0.692275960385863,0.149924032490937,1.40965793731714,-0.429661560437399,1.07945398212985,0.167479632308722,-2.12801541076504
-0.21144290085264,-0.410592366115786,0.369511805304256,1.84249507672784,0.386269404028188,-0.746394839528134,-0.882287166042621,0.392270272744517,1.92863558434403,-0.749510277260484,1.07517646894978,0.0567960516219077,-1.77621248713084
-0.256726570483622,-0.337809803999334,0.498580988661929,1.48262220419278,0.892402146303236,-1.34932355811976,-0.737729250833797,0.764050584055447,1.55867749858275,-0.724759100119204,1.23836272342253,0.114574169584766,-2.54118868709125
-0.201344297286997,-0.224165046999612,0.245727128177933,1.4635392085747,0.993312620408854,-0.92130449528057,-0.432387773143751,0.291936923950499,1.4336279784735,-0.672031519723021,1.03413432986347,0.364653788829755,-2.40878236206903
-0.195420929376538,-0.393049523181716,0.422733103951511,1.48044656867349,0.779254927790364,-0.987653020282839,-0.292727016540998,0.30835152424236,1.50538508813164,-0.483631140418252,0.68307442380438,0.710279226808073,-1.92994008686584
-0.156697168998516,-0.482166130173927,0.416337847671713,1.35559241890597,1.13824748081611,-0.537411602112997,-1.02112965989471,0.623033264204853,1.42153913223338,-0.77618426672294,1.12999222852899,0.193946409673547,-2.48877802179917
-0.08243291460116,-0.456933030368444,0.453568957954653,1.23185984771325,0.791182102801584,-0.81155032309626,-0.578575056683227,0.981294388395404,1.54217305489934,-0.597547017290694,0.862091562433383,0.354486686828734,-2.33623238616971
-0.250673897709459,-0.506991216104928,0.581461254757274,1.74424901212136,0.505287050171734,-1.03693978295828,-0.427716145611389,0.726698728896098,1.72083356678141,-1.02650714949227,0.944200136024726,0.555085239958642,-1.60899808439181
-0.149744395355532,-0.746675906253853,0.58650600549958,2.03965622669122,0.406924939706465,-0.770803165594948,-0.48334568128885,0.38645950341723,1.62085313153997,-0.872970135871049,0.554342701375583,0.670194360426559,-1.961727866386
-0.273652739149226,-0.401076149520998,0.711072459304599,1.47227781263914,0.402411826020092,-0.751174235455277,-0.391494441644977,0.619621921755207,1.39259868195935,-0.699893785731774,1.3355783914619,0.208502952195272,-2.29540978248806
-0.228525693118461,-0.531973400289649,0.651970645013556,1.82519973577149,0.309320441043331,-0.826306038055645,-0.493476246486596,0.317787885408413,1.66957424317573,-0.604687836600996,0.982085930615022,0.0511755902169855,-2.07411098255958
-0.0873047555386673,-0.478487073553053,0.370300825898743,1.57020976157219,0.638870297928879,-0.785320525649956,-0.359078922123894,0.758954642624243,1.50273949764224,-1.26866729796177,1.24127345182783,0.455935422803749,-2.04921528752552
-0.116375175648278,-0.512253241409924,0.48587301820005,1.68902697043505,0.34352645191212,-0.740367702681699,-0.735863986547112,0.805412837989231,1.72244065954123,-1.12646367787232,0.925294123713775,0.608573784337571,-1.87542607592242
0.199136658838513,-0.613301386370813,0.132047225762352,1.49363510925954,0.703574367016993,-0.649003223264845,-0.616225937592083,0.54771884357019,1.31299774343601,-0.784919649371394,0.996655694719053,0.116180776902088,-1.7526667922106
-0.0556716213349311,-0.569764202544861,0.312518130190549,1.64415472910681,0.411698685864212,-0.48004382777498,-0.777455780379926,0.350865595401424,1.72914636107047,-1.14989004882257,1.10511526474543,0.614338803650173,-2.88686843227041
-0.23496817551204,-0.493344488397994,0.519173486802131,1.67522116025287,0.598775689075789,-1.01439324386331,-0.545771655506533,0.487711087684081,1.49588316040478,-0.644521652941327,0.680538562251094,0.896129806648323,-2.50581463825065
-0.242944340684151,-0.592829406747866,0.674810861603675,1.55506252702172,0.669981268580709,-0.728020967268904,-0.960105274304044,0.595021596088818,1.53838756935411,-0.777955340863692,0.983916583848865,0.0451459315640991,-1.94628813594506
-0.246275482076564,-0.578073617479575,0.455917894215709,2.07662083861027,0.109321685812778,-0.763126480096095,-0.264612963010379,0.524169817650701,1.4125091810315,-1.02949160151697,1.20248546323485,0.711361297348562,-2.14862408692117
-0.227386303193288,-0.629666370942,0.669372118539327,1.74407251820975,0.613815272242857,-1.08236679756783,-0.48449609742399,0.421621998093237,1.55423090168382,-1.01476486006005,1.18141987460882,0.631763047582074,-2.23687334130002
0.0185177410091155,-0.889631762467077,0.426345058680061,1.79918260173989,0.328535265827198,-0.468056506934525,-0.485383796507846,0.561155779221352,1.18121880843071,-0.668075573716429,0.987539059002043,0.194266136127626,-2.22338464435871
-0.211667341876041,-0.610468435521749,0.55928871416464,1.89247493781773,0.441444535953123,-0.885199586797361,-0.342644135120332,0.374686548490258,1.58062965944925,-0.873481295183295,0.851035290565661,0.611568220443589,-1.99002493860226
-0.142525544375185,-0.597557853625141,0.519708969778999,1.67675148795064,0.32646409289227,-0.902849491361756,-0.495785613667398,0.503367828772987,1.85741982136792,-0.790693022177809,1.20066087658865,0.0483607155667646,-2.11614481931472
0.0940511364248135,-0.407033983615229,0.032866579403509,1.82257478676489,0.614881319519344,-0.793666753334105,-0.827369590675885,0.594662089549731,1.58991231878073,-0.849713692783243,1.12237827824761,0.0427669272158335,-1.73002299326981
-0.215214287319726,-0.240670673779044,0.35019730308622,1.63124649102331,0.476997908030873,-1.05361769624184,-0.7211385901842,0.571488472512085,1.61674347630667,-0.440705261725626,1.01258046410341,0.139772887604128,-2.26826337763698
-0.0736044077835922,-0.396809851122822,0.41268015889466,1.19367227816741,0.881385655358479,-0.712844704776569,-0.944565190311242,0.672184806405362,1.39681389374208,-0.947500679901226,1.4229647790305,0.0956131521073019,-2.23253103255899
-0.154585081515662,-0.315985404704684,0.515345533804079,1.40556544350412,0.173924315201788,-0.698820955172078,-0.510712807215129,0.601791441768967,1.95366813004261,-1.13169555993319,0.841019732615128,0.544832650364089,-2.23439163176612
-0.0960748969269568,-0.346823523134408,0.537366689003065,1.25204158526284,0.471925840108458,-1.00385133940628,-0.677066379360816,0.964521236414308,1.46195853377503,-0.774246905036736,0.938786916383899,0.335291314879658,-2.07538280728315
-0.073801778940123,-0.300510455727983,0.215291673892932,1.47006436466653,0.824617562281511,-1.05241573203742,-0.459837423561273,0.875654178102385,0.861227593891204,-1.04293029318227,1.36332576063476,0.251483622362134,-1.92281447915629
-0.142249775097794,-0.233404968410985,0.295285188030709,1.5857969731563,0.498261293328813,-1.11188738231549,-0.403264899003435,0.557241303151217,1.60256252956373,-0.791057981325073,1.03571720011817,0.389356114522951,-2.28298876663432
-0.129073861509877,-0.0340424022048596,0.250684139187402,1.49378552545983,0.469063791705275,-1.11883290103282,-0.819685724555676,0.832907928518619,1.52090139117161,-0.878880425634312,0.934087937423715,0.263376275172663,-2.71057382830464
-0.181163350994975,-0.291614663590837,0.734267737780946,1.69534986245646,-0.0736517749252104,-1.3708991324258,-0.370038980078094,0.422792774309924,1.82522281764234,-1.07080049486031,0.592876863086521,0.876627708872078,-2.36342433234495
-0.31219553177805,-0.307673940744434,0.724077519439552,1.50060854768721,0.268768850281739,-0.49463728888192,-0.652016487728525,0.0596740722873699,1.38286151933252,-0.663077742486206,1.58074104307699,0.0473790827452917,-2.93207206700229
-0.0813001545897079,-0.320385044138349,0.460990529737186,1.30567036003357,0.587304626979723,-0.814459926599219,-0.480106925428285,0.120641280364675,1.37773584919105,-0.793063605546277,1.53524547942642,-0.490489932144705,-2.4387171479745
-0.194846360753585,-0.540493831774166,0.681048512041148,1.43353201757241,0.376498924276751,-0.517402919664197,-0.739087691309895,0.415303554055383,1.50660379702693,-1.04505798068623,0.579376695251468,0.247757963159644,-1.82347873662604
-0.246245983895613,-0.528223567202877,0.84716620146534,1.44115526551575,0.154769057340856,-0.886379096679851,-0.482795616263557,0.377816986495603,1.66720219642861,-0.994470096495,0.683973082703172,0.884424710292635,-2.09783890474298
-0.326085871298062,-0.185806003788053,0.505134098847762,1.41843751698968,0.712082319946694,-0.748730147281006,-0.723110925458224,0.218474642625436,1.59617982279694,-1.09401894933006,0.806130920986274,0.895862647033508,-2.18624115415172
-0.019762986089528,-0.334484633697758,0.34794536403144,1.47040214546958,0.178306716498506,-0.401945838968074,-0.455683927219077,0.410234529220729,1.16258012654549,-0.762457877219592,0.715474346716681,0.0280872906010491,-1.35666249191557
-0.254361999845781,-0.366056563762234,0.378736285810941,1.67867870005323,0.47447604737787,-0.91877933329622,-0.527316842462961,0.388641651417501,1.31368514546514,-0.479798905214357,1.01972426164224,-0.385967725180491,-1.39373364412606
-0.246770020760637,-0.529287706330668,0.778292003413326,1.5448847187619,-0.128481010653838,-0.403747364903499,-0.283970843590378,0.195279178159205,1.54691217124266,-1.30717811760907,1.13911406438459,0.500951833058285,-1.51576125009672
-0.160900140058246,-0.471683301807603,0.690722677789457,1.40026304326037,0.164534222099771,-0.725234783666031,-0.104452313686858,-0.226690701175501,1.49087968427425,-0.624473398439652,1.10220664225729,0.177577947448217,-2.13758632662817
-0.256654697134387,-0.431373660030179,0.432409114102279,1.56689719273651,0.626478579073068,-0.816482477262546,-0.0688101424005435,0.0473507639717277,1.24866889137114,-0.463984485486159,0.971311069855136,0.407149557257443,-1.83079284526739
-0.314062531218366,-0.6986126168476,0.587045393582353,1.96098979299958,0.287868456748013,-0.627816880358524,-0.0757907466822287,0.159245825284674,1.25948946971198,-1.27700231087247,0.995619766664117,1.40382233190432,-1.43293563392731
-0.30888134205636,-0.573142017776197,0.540377091680668,1.60207467348843,0.866792833919185,-0.977123925359262,-0.719186170746863,1.14370565399231,0.934846652875907,-1.2633153834441,1.40396351171843,0.850772065797935,-1.57443186259689
-0.241167617824861,-0.673984517530887,0.66208479239784,1.75025550301965,0.108477937020369,-1.14960239418314,-0.366398640138552,1.51481347982704,1.03643802002114,-1.26615158320568,1.35683831233702,0.741361455708441,-1.34823840262287
-0.246255547739329,-0.605696801924162,0.520817823233888,1.80767157677252,-0.104223041400682,-1.20477023148991,0.016035228535007,0.916460318296891,1.33026196490749,-1.16320804571147,1.1908638100314,1.00669499371555,-1.04845691713532
-0.383540757193474,-0.520303089431534,0.630072302344306,1.45022247803835,0.163332942191777,-0.735987089024869,-0.529668910544807,0.915815448777673,1.86604726075487,-1.45938619230198,1.34808441472066,1.35862698731575,-1.46122570681997
-0.277992836920599,-0.564913529520772,0.519441807083032,1.1041802361562,0.411976340573512,-0.0782461691006008,-0.584953067238242,0.368625152861949,1.62533072765434,-1.05911150785442,1.3988322752877,0.802157673525947,-1.65701329560643
-0.50068997028132,-0.622495773297295,0.799849495018797,1.57661245701848,0.380617735337698,-0.416023353767689,-0.311813202648064,0.173059272329466,1.55021387823889,-0.741370118342068,1.03350666646289,0.52012969635843,-1.61921192600744
-0.173157322562547,-0.509265253468224,0.331233588582551,1.51479969257536,0.43367431779073,-0.723403910457014,-0.667037334936642,1.01360272832683,1.34906795906853,-0.884429402674248,1.47689968636199,0.339058384989443,-1.97402701072729
-0.368834363170184,-0.314722318536853,0.599952528149762,1.47438006564276,0.547104605553855,-1.04029740198258,-0.528951953498025,0.638871936407334,1.5798927229093,-0.568582980296975,1.1696657234626,0.115759824393148,-1.95281945129802
-0.174025178879278,-0.318858718606995,0.422502141846965,1.34451693180872,0.767528373765906,-1.25759875741526,-0.246555210486202,0.757319493915684,1.44355947905086,-1.07387452498606,1.24493545770887,0.145229825469835,-1.77118079195037
