0.270605069196461,1.85613843895093,-0.331865872463504,0.0699554294330478,0.289525577072266,0.333221580536122,1.53575923964785,-2.53398545297531,-1.80206003938249,1.44433598378122,1.15317425168304,-0.869308840602255,-1.14387036857963
0.345957765089333,1.71637412759303,-0.401328818611518,0.187399072095857,0.12984507107625,0.423792543164806,1.58580079600337,-2.59666637645805,-1.78062500461202,1.67974590709996,0.877724648253483,-0.620473817498711,-1.47224051075185
0.286730694302511,1.83702351349334,-0.472620985678776,0.155988587169865,0.236497635383221,0.285785717578611,1.78844991605944,-2.60266027167239,-1.84211937812658,1.56662207232413,1.13487717344402,-1.12565387276951,-1.244913008142
0.370773901866851,1.64081889745703,-0.453357066619823,0.123105398458565,0.357762180941448,0.3826163862499,1.72059714434636,-2.61575267589745,-1.85262357185364,1.57196622798828,0.97495740159486,-0.764692932935707,-1.46720202645568
0.30790269143447,1.79149310759856,-0.470344131308023,0.200380469581973,0.27825085787559,0.48260511849528,1.8411641643449,-2.77209392866815,-1.87025388549389,1.30232516100947,1.08369590969551,-0.963055927808433,-1.4259180946587
0.352261539145723,1.77791130252018,-0.512489138130513,0.259386587336468,0.281665138967231,0.374161914132017,1.72012098488199,-2.77760272857158,-1.83573351816388,1.29886175139918,0.993720885528301,-0.690890987480255,-1.3503208095181
0.335168239767205,1.85916238012584,-0.463030489209829,0.07477544925536,0.422744020661137,0.275500830625142,1.595751737008,-2.44854625292413,-1.82379464320253,1.39558708472261,0.905483899993525,-0.957706000803165,-1.17595956301903
0.292450518460267,1.92385595573081,-0.481777459646679,0.119173998519284,0.374417548386397,0.206319812512024,1.60561181477579,-2.55841938751923,-1.90798968752175,1.50093102112487,0.909044116772716,-0.906909486258487,-1.37778149475794
0.299835593933198,1.96980234205721,-0.487513083256689,0.127080772092533,0.206443080780811,0.301698033166888,1.46991714256336,-2.39025299071887,-1.81666892511105,1.43114769100123,1.03839178178549,-1.21040853174118,-1.30581170041034
0.339767446352544,1.93578560051574,-0.458989458882026,0.0558547998971972,0.29505811182413,0.203651331830211,1.49017736391191,-2.52778921634933,-1.83499803521558,1.59458411668813,0.779827560572752,-0.902668978032445,-1.4579035040233
0.346993246424495,1.90203831161416,-0.530233665276116,0.102570963091244,0.238213765341539,0.265073252717792,1.52119632260458,-2.50440378334628,-1.84785647178882,1.62992089569955,0.794669915808483,-1.06307116805345,-1.42776671273165
0.286056112905799,2.04398459658927,-0.56685124626335,0.0474359754801557,0.27935841608884,0.342245399918232,1.53142010019254,-2.56302021369172,-1.94709997187797,1.59990293759913,0.736599972970854,-1.0594208712129,-1.30554462876013
0.430750613651158,1.78089876740426,-0.470498319926093,0.143780300558611,0.184562580482715,0.335761988946229,1.61064723420432,-2.73576414569887,-1.87603712827932,1.47378863077757,0.946638478904275,-1.22996260853526,-1.20430197725089
0.411938085868993,1.8163807217319,-0.529055153593984,0.150758951295117,0.305372495605771,0.21951675149889,1.6238249637446,-2.7143427699035,-1.8396686683627,1.53933904278931,0.832793838739155,-1.06760535013407,-1.14376592854882
0.421084552591839,1.77707421310933,-0.500413423425975,0.238016818715788,0.169648002327681,0.24635121777615,1.49616892417209,-2.54004022985243,-1.92954279303188,1.50718208229828,0.92610172034719,-1.1645909614806,-1.03057073814207
0.382975171266555,1.85091768172305,-0.44779927802233,0.173703063116583,0.290311768811244,0.146799963594804,1.51432988364311,-2.61257660478739,-1.78087775424688,1.3683446026048,0.901795160210497,-1.00481807203147,-1.10654366109386
0.312254560024969,1.9992917852518,-0.401942226933483,0.0582874273277579,0.355055425411233,0.201382917205229,1.55021256282092,-2.61060825772876,-1.81962628257338,1.62697828222583,0.732279676119668,-1.02595168606208,-1.4081912299317
0.354757260590812,1.79143022934947,-0.380055028795027,0.138474793815327,0.27673219392809,0.357531446307023,1.39122926933231,-2.61339271642666,-1.88358312933347,1.58129338253482,0.737042505028297,-1.16688084817657,-1.00236070083577
0.338837968498517,1.91450944802983,-0.427822755336566,0.0530722985721964,0.484302087094661,0.187009581348095,1.39651695234516,-2.52897757393561,-1.91966510470255,1.49693654745546,0.835814478672857,-1.18487090768032,-1.12965017900133
0.333620420494739,1.79015318837362,-0.373773969040843,0.167577995431282,0.212204718768163,0.307726002588452,1.56955747937929,-2.58018583514466,-2.05469665267569,1.48811026653896,0.95533271812632,-1.04725350695324,-1.39833986607337
0.3570236184914,1.90176666792268,-0.453009024011345,0.149368075079133,0.383211565559174,-0.0252963256860442,1.8854072800396,-2.6641845334644,-1.96253613558315,1.56207525760898,0.674193708703565,-0.904867495415697,-1.1291750857302
0.282899638744798,1.99181229369013,-0.578803194985232,0.29167952382833,0.230368589812415,0.197331343313081,1.56995656071788,-2.57216469996563,-1.88600047513221,1.40096968643344,0.763483831430383,-0.758677706123038,-1.22787331637992
0.264975345773716,1.90142490639185,-0.448734392250404,0.155576340190213,0.303998667423857,0.246185113323353,1.48696553942176,-2.38308392178814,-2.09834447857354,1.65521807789889,0.857655658179624,-0.980054959282418,-0.964300512578952
0.265023593712751,1.71141555793746,-0.305890777357323,0.191719192811719,0.234816365124547,0.275648453518157,1.62455707426944,-2.62900651290193,-1.83521196579823,1.3651257297878,1.07894503292105,-0.878138646998735,-1.02236722329405
0.189531298577087,1.79819374223415,-0.300512672123143,0.192692806224496,0.289939674630174,0.254975943186294,1.60802766919045,-2.61192912621477,-2.053935437015,1.6748749974853,1.07078891696114,-0.825689439293967,-1.01828648131748
0.205494242467514,1.87018866558473,-0.33485849979912,0.0817957473124494,0.482715126718449,0.0977386241105418,1.76304727863021,-2.56834623925985,-1.97354402630604,1.63457746895718,1.27174944884211,-0.965695360536658,-0.918412956324721
0.257328704131357,1.82652835984141,-0.412276220953308,0.132193461621142,0.2880819070206,0.230373266888226,1.5804919494222,-2.34982198161868,-1.86099017661326,1.76074189875241,1.10484850357035,-0.819082218089483,-0.988279301352972
0.413683337902651,1.72289496892473,-0.305564831702037,0.0478345296082018,0.43353769800931,0.0293400326539602,1.83071197685733,-2.28357853356407,-1.82930544263548,1.76120748161816,1.0896781402665,-0.968850808417975,-1.09856700874577
0.391693296359233,1.76287074569083,-0.324364162667541,0.0948798556887127,0.431344588009948,0.161698003992774,1.49916002614377,-2.29181493879747,-1.79425480242464,1.85406536866552,0.981124209856385,-1.04318706868754,-1.09562914285376
0.521447802407807,1.7363934631129,-0.26121717453073,0.118337292515967,0.655202958036451,0.17061768449196,1.382832423485,-2.16866858437578,-1.57099688249548,1.58742307568285,0.983577936399558,-1.02504213045815,-0.700420537262781
0.331500333434594,2.04477248636353,-0.382206122301048,0.218257793786258,0.533291321675141,0.32159868206239,1.70541813924584,-2.62046511383979,-1.565501781688,1.44063811790853,1.06482546601085,-0.864860045854104,-0.943074645200272
0.426007550287295,1.82276957895153,-0.119958846815532,-0.100624045247321,0.715989519909023,0.263778671120946,1.73392807225435,-2.5099626311463,-1.84472143810027,1.32210962008857,1.03878062329952,-1.02730377277892,-0.770394306283419
0.406745652871681,1.76338084554581,-0.34788824272499,0.225155159728878,0.595815922386885,0.257229601358012,1.21298399313979,-2.32436636757313,-1.79607596760611,1.62036007442703,1.01744662993875,-0.713975874670991,-1.34459887459669
0.387050597686365,1.60901203659736,-0.275137877139642,-0.0181706557416131,0.399939267811476,0.129756923352501,1.38342839681735,-2.5683125613131,-1.8046088128155,1.41540976674194,1.07982454772402,-1.26897548328524,-0.830185476023401
0.260523715338847,1.83198436542654,-0.399546417562901,0.149092552361476,0.612088739343461,0.209138274752446,1.39132157289602,-2.46465415041593,-1.9407635329133,1.39647438154413,1.02876336717985,-0.747646250769753,-0.9341765560579
0.384115756130351,1.8021456642642,-0.35322904656825,0.187904265766007,0.383376865962303,0.437208944918907,1.60717681688179,-2.32534578992954,-2.04495360866165,1.53864249316555,0.989826743564351,-0.622140666585537,-1.1094585376921
0.320733706342913,1.8814429534048,-0.448444176339068,0.152346501585724,0.384334887759364,0.296502453780413,1.64860313536694,-2.53664111773121,-2.04080853883443,1.46177394809514,0.989738009710413,-1.10048196678287,-0.984678026286122
0.304112304205201,1.91862420693132,-0.479165023836192,0.149193794907324,0.368580388698484,0.116514088359133,1.7977456398324,-2.48756675633352,-2.05590230695856,1.58250990627286,0.928121538261613,-0.905357813950526,-1.25294884184315
0.305298290438488,1.99919681929274,-0.440296701827095,0.209317784013039,0.255827228951057,0.227462346447975,1.59116830012651,-2.54330971904455,-1.9507154147922,1.56863505318776,1.07478116679032,-0.883836777589233,-1.3354119989669
0.351427174350032,1.88097806537856,-0.39919302253269,0.00949108839621292,0.338520407993742,0.270339105962615,1.46784320607772,-2.42810224517261,-1.86091026053939,1.53893491462344,0.765852634064064,-1.08703036982214,-1.11795778873486
0.346556578202319,2.03711718520544,-0.298073543500281,-0.0631501224285124,0.496909864106633,0.395250634441627,1.50688759322457,-2.40128820155129,-1.80673220720167,1.51917640736651,0.755978272412342,-1.00350860414592,-1.23498879568749
0.303201733440726,1.91356323913814,-0.357681162042411,0.0332344792124606,0.282283884580513,0.299278590211581,1.46919353814387,-2.1886162924143,-2.21204701903091,1.6458991653292,0.793151839279395,-1.12424900876439,-1.11306963376584
0.253175163944909,1.88413487334592,-0.284812421466974,0.00470599851713136,0.524187315365471,0.068713569150098,1.93321512929989,-2.62565502122746,-1.94306448239961,1.58530914577119,0.915979463987001,-1.09900100291576,-1.08862680024271
0.14088451434179,1.92362184960665,-0.273444667817598,0.0344325510355298,0.389957157054269,0.144478271201382,1.70797286924464,-2.52529943489268,-2.15538602162656,1.89478416302549,0.769550990278306,-0.733360905166611,-1.15902380454853
0.11300427402852,2.09035334797987,-0.391731720478092,0.040300008102684,0.395513098965098,-0.0136843384727521,1.85613071488435,-2.77114834959598,-1.9908484779783,1.73748316841801,0.933240730484578,-0.997516119658096,-1.04495734724845
0.171741345624246,1.95313701405962,-0.164323310872637,-0.106303525824827,0.392596125109382,0.104990298781765,1.73553162153395,-2.67064555296491,-2.06156281638537,1.60192792734355,1.132478518729,-1.13379877637123,-0.88224550538293
0.197223351619022,1.89085562146638,-0.314268365870601,-0.0341165684860225,0.413804910105089,0.257573515379838,1.59910452354625,-2.52861669216849,-2.06338250686055,1.69016232691527,1.04980874588171,-1.02876909990619,-0.898889094359126
0.218696878004282,1.89793902362324,-0.333586011679946,-0.0230424642885259,0.317749325844384,0.501238705937045,1.56873616520934,-2.4221913899702,-2.08494730224972,1.58937078892954,1.25882892484572,-0.9783092717015,-1.24562998176294
0.264006505164073,1.83763896227554,-0.275858326350823,-0.0507454881967593,0.60132230697985,0.270568449967927,1.9527349899483,-2.7106734063541,-1.89330148842045,1.54185409853228,1.21377181787994,-1.00764915531248,-1.08019673569928
0.165200662328165,1.90842158358211,-0.363781924438469,0.0155369760092915,0.513840025236403,0.415215986952505,1.81904412949273,-2.62607569169609,-2.26134279026537,1.70174542079714,1.03380137423423,-0.873535408967038,-0.960088569578265
0.192026732809112,1.98087483373228,-0.288630380069895,0.0774507807428676,0.568997322510897,0.39106909976822,1.6958933268899,-2.68808416409975,-2.29992391457686,1.70269083145733,1.02726434545928,-0.861328197441955,-1.06323956751854
0.186159240283845,2.0542400210329,-0.340683209975157,0.119056506415145,0.458043588723842,0.413742085804838,1.68728271928747,-2.77288871226118,-2.36202946694405,1.53205625907629,1.09799322082749,-0.955932809670151,-1.04103363692874
0.323539363116554,1.78142781878397,-0.159144779482981,-0.0932812064488988,0.642922514584472,0.315707162399364,1.59400071369259,-2.68538806766539,-2.18901531091633,1.51806632450917,1.12737907782079,-1.19447969757791,-0.98046688697933
0.272588883591944,2.08216950723587,-0.415550058413329,0.166299317126831,0.336667488139126,0.470237418788408,1.77445632765612,-2.68980839570503,-2.25915885527123,1.60235649574444,1.0396102696033,-0.961429592784896,-1.37860264815378
0.3077155564379,1.76224829133768,-0.104017007999359,-0.218319852013821,0.652852235521308,0.219723149439148,1.59199589256545,-2.70777170979102,-2.05315297061814,1.51534495170489,1.20820484947251,-1.05353007170523,-1.18114859374678
0.209499326731528,2.09034888884024,-0.274615182070552,0.038233027397129,0.37806664787902,0.227265517255,1.62191293457083,-2.41598417594904,-2.31485578987994,1.73233240757354,1.04880309737665,-0.810041612972167,-1.25407731936231
0.219240446266409,2.0121461240251,-0.294346880930148,0.0426640270185092,0.488694923472424,0.113401585140901,1.69033250096667,-2.51307376845582,-2.06260527098324,1.66009820915065,1.04597241611047,-0.910595405023709,-1.05836206887045
0.21902341557566,1.90956654658916,-0.232336910850063,-0.0392434490021132,0.328775027806465,0.464727876642638,1.49940714186653,-2.67693272454613,-2.06405969238895,1.59041012503646,1.25211417222713,-1.20855504279841,-1.01683045155856
0.182481998353309,2.02280559743312,-0.410782261216776,0.0234310912374816,0.495719566110605,0.180958934470308,1.53396020079987,-2.5317843569638,-2.15261014315356,1.67066971450729,0.982065519190886,-1.0185816725173,-1.072081932493
0.247282054665474,1.84448124054201,-0.297341951743217,-0.0578391741753605,0.47422697706066,0.135955103378253,1.64083676062815,-2.60076850687427,-2.04604280115443,1.5565128565226,1.069076889638,-1.10151168191646,-0.930704389886384
0.231950667791812,1.88665827147234,-0.419117768152252,0.0968496780365367,0.251898489761584,0.232749774191619,1.54011719526177,-2.50337079848532,-2.24632081690251,1.84661241555176,1.01767027689705,-0.994786492421196,-1.2557111656217
0.346097998718824,1.59218991213659,-0.14065751958447,-0.177342230680518,0.473422742272365,0.0917931255192476,1.63394272565568,-2.55683122959768,-2.13843044620185,1.66435183193243,1.19522392305784,-1.36281613533113,-1.00171084486651
0.173333767124714,1.91283384714986,-0.391770600641007,-0.118573498242441,0.509040376892268,-0.0252454001753504,1.76317371803828,-2.49743556563125,-2.08900743259255,1.67252371829055,1.23223585093441,-1.3167401947931,-0.957099700583285
0.177772139990728,1.84034209253304,-0.354844124835167,0.021093308802546,0.214946556020188,0.133916172773455,1.65733882907362,-2.350661396291,-2.08551569641178,1.70780807206035,1.18359839375498,-1.09036418858273,-1.23567892885104
0.332015876155597,1.55132854096137,-0.172109976392005,-0.269471856674736,0.490778809385182,-0.00137063313847489,1.80781666264454,-2.50562806104062,-2.04438997758555,1.68430184781805,0.992775571603218,-1.20051439735065,-1.00628189531139
0.370357765121261,1.48133218086648,-0.203423084035123,-0.201221838897375,0.400600755040638,0.0886263403702395,1.712190229953,-2.3221486550835,-2.15592479513352,1.64968761819125,1.08225030385867,-1.24621658596218,-0.996350761502094
0.282582109084669,1.70121982547458,-0.302818496002165,-0.0926456194728751,0.175977830886077,0.0912304633908762,1.74001656276499,-2.33085222036049,-2.10115109203282,1.64811894574956,0.877766859306191,-0.938918883354927,-1.18927302483454
0.328842680514126,1.59832897770831,-0.174223225172239,-0.175144384857044,0.110890002628902,-0.0219578668822818,1.82635576621455,-2.35532221087937,-1.86520097738571,1.29188414761063,1.13233458693122,-1.0836290976038,-1.00505003328703
0.242647561105367,1.78712437655316,-0.224272499162353,-0.263391063720331,0.177969918632811,-0.13639617850812,1.97449142711977,-2.47610849445177,-1.86549479723223,1.3784864586239,1.055747679064,-1.13055931801429,-1.34186498343475
0.255520477291688,1.94448792388678,-0.452989324062469,-0.133974083235417,0.10367157636364,0.00631586936337426,1.70015508003896,-2.27576353983922,-2.06016514490461,1.5795406805743,0.935798584748244,-1.10890046456499,-1.43753986554734
0.370676878700056,1.8059996954456,-0.469003206734312,-0.223085707370302,0.154467848784653,-0.0135654378801433,1.96813734499019,-2.42298472902625,-1.86086718691742,1.42634078837377,1.02286345955105,-1.54829011582797,-1.13654459799423
0.335424589086474,1.76900719884488,-0.455912485087597,-0.14470954793001,0.236942442757197,-0.225036819731125,2.0738954122316,-2.4317299715136,-1.79756509168542,1.29553341241062,0.983289519319234,-1.28395289088934,-1.2054599441709
0.263450791780336,1.82937749136063,-0.482362506832731,0.00581107854468502,0.0395089114758957,0.0523491463318819,1.82375707840113,-2.17009937491863,-1.96226234046803,1.44010396979715,0.920965727966604,-0.964614447830887,-1.34202522801355
0.369618426096084,1.55794187195577,-0.28208276901736,-0.26900143474957,0.429635460325458,-0.167592218886251,1.85204715795054,-2.37144351376691,-1.73372349682517,1.34822165642666,1.06687634733845,-1.08569460337154,-1.05487756070281
0.289445869103138,1.74988674617601,-0.468300369384694,0.0266529449964211,0.0554887423656445,0.313290135547066,1.60180109993076,-2.25747059577321,-2.00940709201606,1.47299444120082,1.05764393848069,-0.806989543568067,-1.16080877712696
0.156378389464763,1.93619786485819,-0.55145402737899,0.0272221079970542,0.232993476918454,-0.0510212434787738,1.78260165428879,-2.35798323638811,-1.88446015467397,1.41955363709673,1.20600274795245,-1.13637916124121,-0.952737248234622
0.221023572822862,1.76193914175591,-0.338638712413519,0.0315613442989201,0.168168078960567,-0.0180422305164811,1.8074919545067,-2.38139387272227,-2.02254850828358,1.61502412276781,0.929829636235783,-0.849605455783254,-1.07094084839565
0.127628439237102,1.94528849427193,-0.324428775919903,-0.0557507095984436,0.165460276147653,0.0841542594021396,1.68124641004307,-2.12470477857531,-2.1876669481328,1.8487270026125,0.87270610100729,-0.89140565164636,-0.904221878104173
0.193270653947557,1.74570505744454,-0.229664804786564,-0.0601898592482846,0.115177013907336,0.164934057383674,1.51872528475382,-2.34414195653024,-1.85839297562768,1.63964811693115,1.0359162004478,-0.825683776371007,-0.969577835853754
0.182571420245575,1.85880626367597,-0.392988176321141,-0.100605760223784,0.192859195513564,0.0673074584677471,1.69396309518212,-2.31897100881014,-2.00509432839598,1.63606441225903,1.02280071796492,-0.900097137287847,-1.33810072755552
0.180630266654061,1.83264320720244,-0.476770244511361,-0.0400666170133124,0.0997858221017814,0.0653679108762912,1.81541089461926,-2.24903259614036,-1.86710614406996,1.58940596153038,1.03606388059233,-0.890429985515146,-1.30307252594001
0.265811401647065,1.90333900425927,-0.55427109039269,-0.0128207079606305,0.0341416031144865,0.213919657742027,1.78699783241132,-2.25744520353261,-1.80734138126777,1.60032284869606,1.08675525135504,-1.00254286509502,-1.21673321935366
0.290469669194484,1.88473421043117,-0.568010064553093,0.0170439758771434,-0.104560070298095,-0.00741116780864462,1.99350054949707,-2.22595016537076,-1.83652262067234,1.63780241526839,0.993268476984914,-1.04632391676355,-1.07074277567073
0.224535515311549,2.00075594362718,-0.526993259707617,-0.156526526992305,0.0636416847167813,-0.125215882286094,1.93320152548725,-2.08644615304866,-2.06886324815021,1.73658362437142,1.08567458873437,-1.24984281636236,-1.14526191747382
0.294947258298378,1.87622304954053,-0.465192139393079,-0.114928430887776,-0.00319601151219509,-0.0760155969774188,1.98976474443706,-2.01715689343157,-1.91166509319205,1.51381595934253,1.04581179362598,-1.08855101858049,-1.20184838636222
0.313551574918683,1.79910187978086,-0.349719995332616,-0.125876099137866,0.0049975788904726,-0.0458443989708004,1.94625859617671,-2.10772367196899,-1.82895593371445,1.53809786034121,1.11765641580437,-1.24487110047741,-1.16511709198176
0.210137374865871,2.08399018498193,-0.549354147045503,-0.0260141157890584,0.0783284743907094,-0.090419754682331,1.94188541836572,-2.16815279462907,-1.98785343778912,1.58508916567415,0.866226796291175,-0.900079226802832,-1.31918925975067
0.238895716809768,2.00626330503426,-0.448441803182989,-0.135142296027282,0.108043101839455,-0.134498963536583,2.01880452224608,-1.93547325735207,-2.09406323620146,1.4964802171387,1.05695121755367,-0.917213726035311,-1.32019066263993
0.250647400151663,2.05089204202215,-0.57990774611861,-0.0315024615494352,0.00858952805221108,-0.175215103685741,2.20073075678416,-2.1255591103463,-2.05598008229875,1.3775802733944,1.16708760432964,-1.00413685710546,-1.36652391299624
0.283110776175597,2.0250979000697,-0.531669102066192,-0.215045267393257,0.173520384302703,-0.223443901343877,2.02733408522782,-1.8728257309775,-2.31452598020606,1.50443589619492,1.15873023486439,-1.29477745135517,-1.10221372852131
0.333237882327608,1.82021541952995,-0.431076428038546,-0.046966043816857,-0.102852975524131,-0.00207623551608627,1.92480353250332,-2.10601121274863,-2.06247116386677,1.51159155546412,0.857961924413357,-0.993544491376573,-1.27933042299032
0.361572236194337,1.72446862243898,-0.233414319515785,-0.312832219223894,0.276143962954296,-0.170169698735673,1.84795159918663,-2.21433903808867,-1.91620566406978,1.37838683407344,0.955395132792419,-1.09541753871251,-1.21987523017339
0.281018936148301,1.80625428308567,-0.319019659020455,-0.122025062074988,0.0568079832576687,0.164498796418248,1.82855036629532,-2.17525752938498,-1.9159045189277,1.56805296602096,0.925192939007739,-1.26701535044333,-1.05676863613001
0.211096407352745,2.00967818184385,-0.412242942872846,-0.116075896783877,0.172247304517149,-0.130909524092811,2.1612496883832,-2.57365386627084,-1.82774221785929,1.4306838487661,1.05444439479122,-1.14703422468226,-1.31508149238529
0.21003794398212,1.95818786221438,-0.405761619392702,-0.122117047391872,0.0679269816628455,-0.0251592935804438,2.09263764391024,-2.56404197230551,-1.76400722058241,1.46375466014304,0.979685813083944,-1.01102804371226,-1.4474805095702
0.179338187470161,2.03810575655044,-0.429477814099121,-0.196679904310598,0.195085935602325,-0.158236596302095,2.03557108708136,-2.23241789842682,-1.89723636692279,1.4280148587607,1.09206219598489,-1.13915803903348,-1.26620720253636
0.161571626695909,2.0107626753339,-0.471107943397692,-0.21270457640576,0.140280980353306,-0.120102189830342,2.02955250592411,-2.10390800926858,-1.94265035486745,1.47541020509432,1.09239672991374,-1.06933195037143,-1.49241224722338
0.120128333181001,2.09402109093325,-0.53638432438977,-0.119798228178374,0.133316845336191,-0.0377085640505454,2.13496713650843,-2.35235825525261,-1.99210290799941,1.42146898535274,1.104574193033,-0.896889819111844,-1.43427681456071
0.0917635185640635,2.12960486841676,-0.617991082139877,-0.447175044737008,0.500762280246394,0.130974977641168,1.96651969276379,-2.69846922500989,-1.8871101358218,1.36119676635794,1.10539021799453,-0.877952844094536,-1.21783994239568
0.0603078160716116,2.15596594944828,-0.49066233350444,-0.716542490461571,0.61393953014054,0.147628571395325,1.61231910984712,-2.1022835453869,-2.14979626304025,1.47271224288598,1.07425776968496,-1.11213986139567,-1.14595934591998
0.234663223130229,2.03648734645009,-0.516159899172536,-0.660238788072463,0.468823155404992,0.0302719934761643,1.82908408260847,-2.3753386413599,-1.82376130358005,1.39382757916069,1.12159802616563,-1.15292945360261,-1.02920211464627
0.257547319486176,1.96944705176199,-0.427031506147553,-0.570940097577237,0.29043579307196,-0.285014552845195,2.45168205860876,-2.68296353855173,-1.89998281050483,1.35926282044824,1.00270120118355,-1.20362612790664,-1.06162047686904
0.220581220474026,2.1196158026058,-0.595156197804752,-0.196458673225475,-0.121451921743521,0.0197308318308708,2.1734277026306,-2.35370414217129,-2.12601489390129,1.60110072009482,0.825686935085135,-1.35433506704575,-1.16212587590078
0.324703819305672,1.86901710318031,-0.379182686620163,-0.403236065234549,0.181632891813084,-0.158321000988878,2.20228100347467,-2.28582186245612,-2.09396539820638,1.39117671112592,1.06305461869513,-1.66869130894179,-0.875172016669928
0.177471662274083,2.03260552205786,-0.519628192404494,-0.106314251085075,-0.168167866898752,0.0838395159613481,1.95774152038325,-2.08309695251397,-1.8695197713535,1.12675788109944,1.04042522351252,-1.20518628669787,-1.17332423035471
0.227952138847732,1.86154544586453,-0.418717105503214,-0.169790798543741,0.0887714569298002,-0.157781421248541,2.08957750193385,-2.26837360223767,-1.83679788136015,1.39629912005352,0.85461687952406,-0.993490824540171,-1.26475920454431
0.145834536545703,2.07937518063204,-0.46453564679714,-0.054628201865433,0.0212717598215204,-0.11861473749712,2.0541619210335,-2.35784989880307,-1.76598820717525,1.40596689463755,0.899073205711347,-0.891112549601023,-1.21963147663085
0.219463439721512,1.91033236140841,-0.278509779728472,-0.283598616392343,0.151102405021336,-0.17840091202082,1.85217215345446,-2.26371072084474,-1.57871147819045,1.22933237527831,0.901094196535197,-0.974799220205494,-1.01827170522792
0.150993733169177,2.1357146385685,-0.456988896884734,-0.179571131876486,-0.0432069471004466,0.0859703952473256,1.62972494616553,-2.28360167421864,-1.70635862371112,1.40334295491355,0.902489094925273,-1.10585499101811,-1.00950850704727
0.177612982501455,2.00000654966233,-0.454217242454089,-0.10679039033931,0.053284885095045,0.0878084297407826,1.60110238026108,-2.21045856193304,-1.79159876873556,1.48649484441045,1.20805637951825,-1.22909740719562,-1.12750466539242
0.249080440597903,1.93678271141098,-0.406233402766418,-0.127289100576904,0.0616441945580322,0.0229830069168226,1.79671087379744,-2.20904118974302,-1.77249502770909,1.50619849159126,1.15680983283007,-1.22816665134509,-1.0174971019956
0.319373171094582,1.83562447242208,-0.363461046469739,-0.165439647293211,-0.00656048667926169,0.186172260682001,1.65220014518658,-2.21710917417691,-1.6899132018855,1.55787493517173,1.05900489220679,-1.40356806042426,-0.82044321185448
0.241099009832213,2.01855690284345,-0.443089330046346,-0.0932856270873578,0.034884988934161,-0.128488221426499,1.95313515200458,-2.42218720555083,-1.48336719514744,1.36326560441985,0.965041079502492,-1.17700930035343,-0.937407181016642
0.326576804451831,1.93084526784603,-0.467303459442814,-0.15938136636288,0.276685385975643,-0.173607278680068,1.7820844847707,-2.02582121448772,-1.70029418944365,1.30080231951791,0.922170397071477,-1.08537215055327,-0.892501107835851
0.316225261201023,1.930861942705,-0.304361860266468,-0.123968675028579,-0.0558110361965881,0.0677591283165691,1.81433590503759,-2.08212711598946,-1.88367961697589,1.4016929894072,0.897537719792071,-1.07874072966636,-1.12935171957744
0.222675865685044,2.07476566753641,-0.498137789348754,-0.048823916769952,-0.0309916984758037,0.0419126553676137,1.76942274390492,-2.34001227116403,-1.82230842238612,1.29653902534577,0.888657681807477,-1.22884205771594,-1.05134471146057
0.335311643228467,2.00240965650052,-0.48022197711045,0.0832930467611381,0.026061513064814,-0.0132440230503182,2.00727813054513,-2.45025750154789,-1.71074829819969,1.30114146165321,0.830443223769308,-1.46201334831526,-0.927515419448802
0.337824794730928,1.91452623343919,-0.371836276562399,-0.143899578068197,0.242441596848975,-0.0294667930296192,1.91251625477521,-2.6202225117308,-1.80076259189237,1.47389062828442,0.77199071700279,-1.39443631728218,-1.03990764285559
0.282211084777392,1.97091500021549,-0.372466601428348,-0.0179982269483974,0.0622538300111994,0.140478602505667,1.83212287403303,-2.37796471961264,-2.0235212229257,1.58764647052555,0.741675867951202,-1.43423509807006,-1.06300671849242
0.36436940328581,1.8457107615632,-0.356309903328784,-0.139159411781325,0.150674432149139,-0.0539718211198539,1.99156521738897,-2.46162839075484,-1.66603171733722,1.29493694508428,0.920373095564517,-1.50707899591348,-0.918910439647457
0.245426029747809,2.03001065776325,-0.408651773592394,-0.0656628826408752,-0.0969860300516114,0.0211723562345237,1.78838029038138,-2.17505222898519,-1.74766193862426,1.1519614701161,0.970420327178235,-1.19133989473288,-1.24283555966238
0.233266200033308,1.9887095871456,-0.288706539217137,-0.25266012455375,0.0922585486422791,-0.211111306109746,1.91619449735401,-2.14076572690828,-1.69648367451247,1.18085293834037,0.907175108098068,-1.11456929104296,-1.40410352972077
0.258762205400671,1.95831703283622,-0.380781535811939,-0.110425893355668,-0.199608915344499,-0.093213115687712,1.97778585019138,-1.94623942077886,-1.94410208552994,1.36007775063333,0.706152875602002,-0.959640853485608,-1.07078519698663
0.353590450080162,1.86012473651074,-0.422817246873395,-0.268305141008241,0.176842880340188,-0.310672366756384,2.14593399182975,-2.13022474444641,-1.81275177289734,1.12973474389669,1.03431739242121,-1.2851202552711,-0.994608810114985
0.31942867463229,2.02023896724428,-0.605315572697144,-0.277820004467601,0.136249001997006,-0.219697813720403,2.07523148586035,-2.41840932058874,-1.73719217566782,1.20943063000595,0.984813385654919,-1.33564444883758,-0.935894500332196
0.202085091881187,2.24510667159188,-0.660055975009911,-0.264356797612244,0.0215059074325392,-0.124130195652392,2.24759356691398,-2.29179809450237,-2.02728811804664,1.58074252874278,0.92891124530752,-1.38818753606067,-0.954448288879099
0.277837609288896,1.95747365809713,-0.520088184771333,-0.477294839019528,0.202758965212507,-0.0741642950745635,2.32482922420286,-2.78173295329313,-1.71882734267286,1.38380502769879,0.866428631603822,-1.46993802351982,-0.792035577041486
0.274881825038821,1.94872144743121,-0.516774700007613,-0.605614160772643,0.366545497638094,0.133518753671545,2.14580217685934,-2.91802038165476,-1.63318909183608,1.27732358608248,0.91509089518931,-1.39805575179801,-1.00776748931842
